time,ds_index,group,ds_type
0 days 00:00:00,0,root,test_tabular
0 days 00:00:00,0,root,test_video
0 days 00:00:00.033366666,1,root,test_video
0 days 00:00:00.066733332,2,root,test_video
0 days 00:00:00.100099998,3,root,test_video
0 days 00:00:00.133466664,4,root,test_video
0 days 00:00:00.166833330,5,root,test_video
0 days 00:00:00.200199996,6,root,test_video
0 days 00:00:00.233566662,7,root,test_video
0 days 00:00:00.266933328,8,root,test_video
0 days 00:00:00.300299994,9,root,test_video
0 days 00:00:00.333666660,10,root,test_video
0 days 00:00:00.367033326,11,root,test_video
0 days 00:00:00.400399992,12,root,test_video
0 days 00:00:00.433766658,13,root,test_video
0 days 00:00:00.467133324,14,root,test_video
0 days 00:00:00.500499990,15,root,test_video
0 days 00:00:00.533866656,16,root,test_video
0 days 00:00:00.567233322,17,root,test_video
0 days 00:00:00.600599988,18,root,test_video
0 days 00:00:00.633966654,19,root,test_video
0 days 00:00:00.667333320,20,root,test_video
0 days 00:00:00.700699986,21,root,test_video
0 days 00:00:00.734066652,22,root,test_video
0 days 00:00:00.767433318,23,root,test_video
0 days 00:00:00.800799984,24,root,test_video
0 days 00:00:00.834166650,25,root,test_video
0 days 00:00:00.867533316,26,root,test_video
0 days 00:00:00.900899982,27,root,test_video
0 days 00:00:00.934266648,28,root,test_video
0 days 00:00:00.967633314,29,root,test_video
0 days 00:00:01,1,root,test_tabular
0 days 00:00:01.000999980,30,root,test_video
0 days 00:00:01.034366646,31,root,test_video
0 days 00:00:01.067733312,32,root,test_video
0 days 00:00:01.101099978,33,root,test_video
0 days 00:00:01.134466644,34,root,test_video
0 days 00:00:01.167833310,35,root,test_video
0 days 00:00:01.201199976,36,root,test_video
0 days 00:00:01.234566642,37,root,test_video
0 days 00:00:01.267933308,38,root,test_video
0 days 00:00:01.301299974,39,root,test_video
0 days 00:00:01.334666640,40,root,test_video
0 days 00:00:01.368033306,41,root,test_video
0 days 00:00:01.401399972,42,root,test_video
0 days 00:00:01.434766638,43,root,test_video
0 days 00:00:01.468133304,44,root,test_video
0 days 00:00:01.501499970,45,root,test_video
0 days 00:00:01.534866636,46,root,test_video
0 days 00:00:01.568233302,47,root,test_video
0 days 00:00:01.601599968,48,root,test_video
0 days 00:00:01.634966634,49,root,test_video
0 days 00:00:01.668333300,50,root,test_video
0 days 00:00:01.701699966,51,root,test_video
0 days 00:00:01.735066632,52,root,test_video
0 days 00:00:01.768433298,53,root,test_video
0 days 00:00:01.801799964,54,root,test_video
0 days 00:00:01.835166630,55,root,test_video
0 days 00:00:01.868533296,56,root,test_video
0 days 00:00:01.901899962,57,root,test_video
0 days 00:00:01.935266628,58,root,test_video
0 days 00:00:01.968633294,59,root,test_video
0 days 00:00:02,2,root,test_tabular
0 days 00:00:02.001999960,60,root,test_video
0 days 00:00:02.035366626,61,root,test_video
0 days 00:00:02.068733292,62,root,test_video
0 days 00:00:02.102099958,63,root,test_video
0 days 00:00:02.135466624,64,root,test_video
0 days 00:00:02.168833290,65,root,test_video
0 days 00:00:02.202199956,66,root,test_video
0 days 00:00:02.235566622,67,root,test_video
0 days 00:00:02.268933288,68,root,test_video
0 days 00:00:02.302299954,69,root,test_video
0 days 00:00:02.335666620,70,root,test_video
0 days 00:00:02.369033286,71,root,test_video
0 days 00:00:02.402399952,72,root,test_video
0 days 00:00:02.435766618,73,root,test_video
0 days 00:00:02.469133284,74,root,test_video
0 days 00:00:02.502499950,75,root,test_video
0 days 00:00:02.535866616,76,root,test_video
0 days 00:00:02.569233282,77,root,test_video
0 days 00:00:02.602599948,78,root,test_video
0 days 00:00:02.635966614,79,root,test_video
0 days 00:00:02.669333280,80,root,test_video
0 days 00:00:02.702699946,81,root,test_video
0 days 00:00:02.736066612,82,root,test_video
0 days 00:00:02.769433278,83,root,test_video
0 days 00:00:02.802799944,84,root,test_video
0 days 00:00:02.836166610,85,root,test_video
0 days 00:00:02.869533276,86,root,test_video
0 days 00:00:02.902899942,87,root,test_video
0 days 00:00:02.936266608,88,root,test_video
0 days 00:00:02.969633274,89,root,test_video
0 days 00:00:03,3,root,test_tabular
0 days 00:00:03.002999940,90,root,test_video
0 days 00:00:03.036366606,91,root,test_video
0 days 00:00:03.069733272,92,root,test_video
0 days 00:00:03.103099938,93,root,test_video
0 days 00:00:03.136466604,94,root,test_video
0 days 00:00:03.169833270,95,root,test_video
0 days 00:00:03.203199936,96,root,test_video
0 days 00:00:03.236566602,97,root,test_video
0 days 00:00:03.269933268,98,root,test_video
0 days 00:00:03.303299934,99,root,test_video
0 days 00:00:03.336666600,100,root,test_video
0 days 00:00:03.370033266,101,root,test_video
0 days 00:00:03.403399932,102,root,test_video
0 days 00:00:03.436766598,103,root,test_video
0 days 00:00:03.470133264,104,root,test_video
0 days 00:00:03.503499930,105,root,test_video
0 days 00:00:03.536866596,106,root,test_video
0 days 00:00:03.570233262,107,root,test_video
0 days 00:00:03.603599928,108,root,test_video
0 days 00:00:03.636966594,109,root,test_video
0 days 00:00:03.670333260,110,root,test_video
0 days 00:00:03.703699926,111,root,test_video
0 days 00:00:03.737066592,112,root,test_video
0 days 00:00:03.770433258,113,root,test_video
0 days 00:00:03.803799924,114,root,test_video
0 days 00:00:03.837166590,115,root,test_video
0 days 00:00:03.870533256,116,root,test_video
0 days 00:00:03.903899922,117,root,test_video
0 days 00:00:03.937266588,118,root,test_video
0 days 00:00:03.970633254,119,root,test_video
0 days 00:00:04,4,root,test_tabular
0 days 00:00:04.003999920,120,root,test_video
0 days 00:00:04.037366586,121,root,test_video
0 days 00:00:04.070733252,122,root,test_video
0 days 00:00:04.104099918,123,root,test_video
0 days 00:00:04.137466584,124,root,test_video
0 days 00:00:04.170833250,125,root,test_video
0 days 00:00:04.204199916,126,root,test_video
0 days 00:00:04.237566582,127,root,test_video
0 days 00:00:04.270933248,128,root,test_video
0 days 00:00:04.304299914,129,root,test_video
0 days 00:00:04.337666580,130,root,test_video
0 days 00:00:04.371033246,131,root,test_video
0 days 00:00:04.404399912,132,root,test_video
0 days 00:00:04.437766578,133,root,test_video
0 days 00:00:04.471133244,134,root,test_video
0 days 00:00:04.504499910,135,root,test_video
0 days 00:00:04.537866576,136,root,test_video
0 days 00:00:04.571233242,137,root,test_video
0 days 00:00:04.604599908,138,root,test_video
0 days 00:00:04.637966574,139,root,test_video
0 days 00:00:04.671333240,140,root,test_video
0 days 00:00:04.704699906,141,root,test_video
0 days 00:00:04.738066572,142,root,test_video
0 days 00:00:04.771433238,143,root,test_video
0 days 00:00:04.804799904,144,root,test_video
0 days 00:00:04.838166570,145,root,test_video
0 days 00:00:04.871533236,146,root,test_video
0 days 00:00:04.904899902,147,root,test_video
0 days 00:00:04.938266568,148,root,test_video
0 days 00:00:04.971633234,149,root,test_video
0 days 00:00:05,5,root,test_tabular
0 days 00:00:05.004999900,150,root,test_video
0 days 00:00:05.038366566,151,root,test_video
0 days 00:00:05.071733232,152,root,test_video
0 days 00:00:05.105099898,153,root,test_video
0 days 00:00:05.138466564,154,root,test_video
0 days 00:00:05.171833230,155,root,test_video
0 days 00:00:05.205199896,156,root,test_video
0 days 00:00:05.238566562,157,root,test_video
0 days 00:00:05.271933228,158,root,test_video
0 days 00:00:05.305299894,159,root,test_video
0 days 00:00:05.338666560,160,root,test_video
0 days 00:00:05.372033226,161,root,test_video
0 days 00:00:05.405399892,162,root,test_video
0 days 00:00:05.438766558,163,root,test_video
0 days 00:00:05.472133224,164,root,test_video
0 days 00:00:05.505499890,165,root,test_video
0 days 00:00:05.538866556,166,root,test_video
0 days 00:00:05.572233222,167,root,test_video
0 days 00:00:05.605599888,168,root,test_video
0 days 00:00:05.638966554,169,root,test_video
0 days 00:00:05.672333220,170,root,test_video
0 days 00:00:05.705699886,171,root,test_video
0 days 00:00:05.739066552,172,root,test_video
0 days 00:00:05.772433218,173,root,test_video
0 days 00:00:05.805799884,174,root,test_video
0 days 00:00:05.839166550,175,root,test_video
0 days 00:00:05.872533216,176,root,test_video
0 days 00:00:05.905899882,177,root,test_video
0 days 00:00:05.939266548,178,root,test_video
0 days 00:00:05.972633214,179,root,test_video
0 days 00:00:06,6,root,test_tabular
0 days 00:00:06.005999880,180,root,test_video
0 days 00:00:06.039366546,181,root,test_video
0 days 00:00:06.072733212,182,root,test_video
0 days 00:00:06.106099878,183,root,test_video
0 days 00:00:06.139466544,184,root,test_video
0 days 00:00:06.172833210,185,root,test_video
0 days 00:00:06.206199876,186,root,test_video
0 days 00:00:06.239566542,187,root,test_video
0 days 00:00:06.272933208,188,root,test_video
0 days 00:00:06.306299874,189,root,test_video
0 days 00:00:06.339666540,190,root,test_video
0 days 00:00:06.373033206,191,root,test_video
0 days 00:00:06.406399872,192,root,test_video
0 days 00:00:06.439766538,193,root,test_video
0 days 00:00:06.473133204,194,root,test_video
0 days 00:00:06.506499870,195,root,test_video
0 days 00:00:06.539866536,196,root,test_video
0 days 00:00:06.573233202,197,root,test_video
0 days 00:00:06.606599868,198,root,test_video
0 days 00:00:06.639966534,199,root,test_video
0 days 00:00:06.673333200,200,root,test_video
0 days 00:00:06.706699866,201,root,test_video
0 days 00:00:06.740066532,202,root,test_video
0 days 00:00:06.773433198,203,root,test_video
0 days 00:00:06.806799864,204,root,test_video
0 days 00:00:06.840166530,205,root,test_video
0 days 00:00:06.873533196,206,root,test_video
0 days 00:00:06.906899862,207,root,test_video
0 days 00:00:06.940266528,208,root,test_video
0 days 00:00:06.973633194,209,root,test_video
0 days 00:00:07,7,root,test_tabular
0 days 00:00:07.006999860,210,root,test_video
0 days 00:00:07.040366526,211,root,test_video
0 days 00:00:07.073733192,212,root,test_video
0 days 00:00:07.107099858,213,root,test_video
0 days 00:00:07.140466524,214,root,test_video
0 days 00:00:07.173833190,215,root,test_video
0 days 00:00:07.207199856,216,root,test_video
0 days 00:00:07.240566522,217,root,test_video
0 days 00:00:07.273933188,218,root,test_video
0 days 00:00:07.307299854,219,root,test_video
0 days 00:00:07.340666520,220,root,test_video
0 days 00:00:07.374033186,221,root,test_video
0 days 00:00:07.407399852,222,root,test_video
0 days 00:00:07.440766518,223,root,test_video
0 days 00:00:07.474133184,224,root,test_video
0 days 00:00:07.507499850,225,root,test_video
0 days 00:00:07.540866516,226,root,test_video
0 days 00:00:07.574233182,227,root,test_video
0 days 00:00:07.607599848,228,root,test_video
0 days 00:00:07.640966514,229,root,test_video
0 days 00:00:07.674333180,230,root,test_video
0 days 00:00:07.707699846,231,root,test_video
0 days 00:00:07.741066512,232,root,test_video
0 days 00:00:07.774433178,233,root,test_video
0 days 00:00:07.807799844,234,root,test_video
0 days 00:00:07.841166510,235,root,test_video
0 days 00:00:07.874533176,236,root,test_video
0 days 00:00:07.907899842,237,root,test_video
0 days 00:00:07.941266508,238,root,test_video
0 days 00:00:07.974633174,239,root,test_video
0 days 00:00:08,8,root,test_tabular
0 days 00:00:08.007999840,240,root,test_video
0 days 00:00:08.041366506,241,root,test_video
0 days 00:00:08.074733172,242,root,test_video
0 days 00:00:08.108099838,243,root,test_video
0 days 00:00:08.141466504,244,root,test_video
0 days 00:00:08.174833170,245,root,test_video
0 days 00:00:08.208199836,246,root,test_video
0 days 00:00:08.241566502,247,root,test_video
0 days 00:00:08.274933168,248,root,test_video
0 days 00:00:08.308299834,249,root,test_video
0 days 00:00:08.341666500,250,root,test_video
0 days 00:00:08.375033166,251,root,test_video
0 days 00:00:08.408399832,252,root,test_video
0 days 00:00:08.441766498,253,root,test_video
0 days 00:00:08.475133164,254,root,test_video
0 days 00:00:08.508499830,255,root,test_video
0 days 00:00:08.541866496,256,root,test_video
0 days 00:00:08.575233162,257,root,test_video
0 days 00:00:08.608599828,258,root,test_video
0 days 00:00:08.641966494,259,root,test_video
0 days 00:00:08.675333160,260,root,test_video
0 days 00:00:08.708699826,261,root,test_video
0 days 00:00:08.742066492,262,root,test_video
0 days 00:00:08.775433158,263,root,test_video
0 days 00:00:08.808799824,264,root,test_video
0 days 00:00:08.842166490,265,root,test_video
0 days 00:00:08.875533156,266,root,test_video
0 days 00:00:08.908899822,267,root,test_video
0 days 00:00:08.942266488,268,root,test_video
0 days 00:00:08.975633154,269,root,test_video
0 days 00:00:09,9,root,test_tabular
0 days 00:00:09.008999820,270,root,test_video
0 days 00:00:09.042366486,271,root,test_video
0 days 00:00:09.075733152,272,root,test_video
0 days 00:00:09.109099818,273,root,test_video
0 days 00:00:09.142466484,274,root,test_video
0 days 00:00:09.175833150,275,root,test_video
0 days 00:00:09.209199816,276,root,test_video
0 days 00:00:09.242566482,277,root,test_video
0 days 00:00:09.275933148,278,root,test_video
0 days 00:00:09.309299814,279,root,test_video
0 days 00:00:09.342666480,280,root,test_video
0 days 00:00:09.376033146,281,root,test_video
0 days 00:00:09.409399812,282,root,test_video
0 days 00:00:09.442766478,283,root,test_video
0 days 00:00:09.476133144,284,root,test_video
0 days 00:00:09.509499810,285,root,test_video
0 days 00:00:09.542866476,286,root,test_video
0 days 00:00:09.576233142,287,root,test_video
0 days 00:00:09.609599808,288,root,test_video
0 days 00:00:09.642966474,289,root,test_video
0 days 00:00:09.676333140,290,root,test_video
0 days 00:00:09.709699806,291,root,test_video
0 days 00:00:09.743066472,292,root,test_video
0 days 00:00:09.776433138,293,root,test_video
0 days 00:00:09.809799804,294,root,test_video
0 days 00:00:09.843166470,295,root,test_video
0 days 00:00:09.876533136,296,root,test_video
0 days 00:00:09.909899802,297,root,test_video
0 days 00:00:09.943266468,298,root,test_video
0 days 00:00:09.976633134,299,root,test_video
0 days 00:00:10,10,root,test_tabular
0 days 00:00:10.009999800,300,root,test_video
0 days 00:00:10.043366466,301,root,test_video
0 days 00:00:10.076733132,302,root,test_video
0 days 00:00:10.110099798,303,root,test_video
0 days 00:00:10.143466464,304,root,test_video
0 days 00:00:10.176833130,305,root,test_video
0 days 00:00:10.210199796,306,root,test_video
0 days 00:00:10.243566462,307,root,test_video
0 days 00:00:10.276933128,308,root,test_video
0 days 00:00:10.310299794,309,root,test_video
0 days 00:00:10.343666460,310,root,test_video
0 days 00:00:10.377033126,311,root,test_video
0 days 00:00:10.410399792,312,root,test_video
0 days 00:00:10.443766458,313,root,test_video
0 days 00:00:10.477133124,314,root,test_video
0 days 00:00:10.510499790,315,root,test_video
0 days 00:00:10.543866456,316,root,test_video
0 days 00:00:10.577233122,317,root,test_video
0 days 00:00:10.610599788,318,root,test_video
0 days 00:00:10.643966454,319,root,test_video
0 days 00:00:10.677333120,320,root,test_video
0 days 00:00:10.710699786,321,root,test_video
0 days 00:00:10.744066452,322,root,test_video
0 days 00:00:10.777433118,323,root,test_video
0 days 00:00:10.810799784,324,root,test_video
0 days 00:00:10.844166450,325,root,test_video
0 days 00:00:10.877533116,326,root,test_video
0 days 00:00:10.910899782,327,root,test_video
0 days 00:00:10.944266448,328,root,test_video
0 days 00:00:10.977633114,329,root,test_video
0 days 00:00:11,11,root,test_tabular
0 days 00:00:11.010999780,330,root,test_video
0 days 00:00:11.044366446,331,root,test_video
0 days 00:00:11.077733112,332,root,test_video
0 days 00:00:11.111099778,333,root,test_video
0 days 00:00:11.144466444,334,root,test_video
0 days 00:00:11.177833110,335,root,test_video
0 days 00:00:11.211199776,336,root,test_video
0 days 00:00:11.244566442,337,root,test_video
0 days 00:00:11.277933108,338,root,test_video
0 days 00:00:11.311299774,339,root,test_video
0 days 00:00:11.344666440,340,root,test_video
0 days 00:00:11.378033106,341,root,test_video
0 days 00:00:11.411399772,342,root,test_video
0 days 00:00:11.444766438,343,root,test_video
0 days 00:00:11.478133104,344,root,test_video
0 days 00:00:11.511499770,345,root,test_video
0 days 00:00:11.544866436,346,root,test_video
0 days 00:00:11.578233102,347,root,test_video
0 days 00:00:11.611599768,348,root,test_video
0 days 00:00:11.644966434,349,root,test_video
0 days 00:00:11.678333100,350,root,test_video
0 days 00:00:11.711699766,351,root,test_video
0 days 00:00:11.745066432,352,root,test_video
0 days 00:00:11.778433098,353,root,test_video
0 days 00:00:11.811799764,354,root,test_video
0 days 00:00:11.845166430,355,root,test_video
0 days 00:00:11.878533096,356,root,test_video
0 days 00:00:11.911899762,357,root,test_video
0 days 00:00:11.945266428,358,root,test_video
0 days 00:00:11.978633094,359,root,test_video
0 days 00:00:12,12,root,test_tabular
0 days 00:00:12.011999760,360,root,test_video
0 days 00:00:12.045366426,361,root,test_video
0 days 00:00:12.078733092,362,root,test_video
0 days 00:00:12.112099758,363,root,test_video
0 days 00:00:12.145466424,364,root,test_video
0 days 00:00:12.178833090,365,root,test_video
0 days 00:00:12.212199756,366,root,test_video
0 days 00:00:12.245566422,367,root,test_video
0 days 00:00:12.278933088,368,root,test_video
0 days 00:00:12.312299754,369,root,test_video
0 days 00:00:12.345666420,370,root,test_video
0 days 00:00:12.379033086,371,root,test_video
0 days 00:00:12.412399752,372,root,test_video
0 days 00:00:12.445766418,373,root,test_video
0 days 00:00:12.479133084,374,root,test_video
0 days 00:00:12.512499750,375,root,test_video
0 days 00:00:12.545866416,376,root,test_video
0 days 00:00:12.579233082,377,root,test_video
0 days 00:00:12.612599748,378,root,test_video
0 days 00:00:12.645966414,379,root,test_video
0 days 00:00:12.679333080,380,root,test_video
0 days 00:00:12.712699746,381,root,test_video
0 days 00:00:12.746066412,382,root,test_video
0 days 00:00:12.779433078,383,root,test_video
0 days 00:00:12.812799744,384,root,test_video
0 days 00:00:12.846166410,385,root,test_video
0 days 00:00:12.879533076,386,root,test_video
0 days 00:00:12.912899742,387,root,test_video
0 days 00:00:12.946266408,388,root,test_video
0 days 00:00:12.979633074,389,root,test_video
0 days 00:00:13,13,root,test_tabular
0 days 00:00:13.012999740,390,root,test_video
0 days 00:00:13.046366406,391,root,test_video
0 days 00:00:13.079733072,392,root,test_video
0 days 00:00:13.113099738,393,root,test_video
0 days 00:00:13.146466404,394,root,test_video
0 days 00:00:13.179833070,395,root,test_video
0 days 00:00:13.213199736,396,root,test_video
0 days 00:00:13.246566402,397,root,test_video
0 days 00:00:13.279933068,398,root,test_video
0 days 00:00:13.313299734,399,root,test_video
0 days 00:00:13.346666400,400,root,test_video
0 days 00:00:13.380033066,401,root,test_video
0 days 00:00:13.413399732,402,root,test_video
0 days 00:00:13.446766398,403,root,test_video
0 days 00:00:13.480133064,404,root,test_video
0 days 00:00:13.513499730,405,root,test_video
0 days 00:00:13.546866396,406,root,test_video
0 days 00:00:13.580233062,407,root,test_video
0 days 00:00:13.613599728,408,root,test_video
0 days 00:00:13.646966394,409,root,test_video
0 days 00:00:13.680333060,410,root,test_video
0 days 00:00:13.713699726,411,root,test_video
0 days 00:00:13.747066392,412,root,test_video
0 days 00:00:13.780433058,413,root,test_video
0 days 00:00:13.813799724,414,root,test_video
0 days 00:00:13.847166390,415,root,test_video
0 days 00:00:13.880533056,416,root,test_video
0 days 00:00:13.913899722,417,root,test_video
0 days 00:00:13.947266388,418,root,test_video
0 days 00:00:13.980633054,419,root,test_video
0 days 00:00:14,14,root,test_tabular
0 days 00:00:14.013999720,420,root,test_video
0 days 00:00:14.047366386,421,root,test_video
0 days 00:00:14.080733052,422,root,test_video
0 days 00:00:14.114099718,423,root,test_video
0 days 00:00:14.147466384,424,root,test_video
0 days 00:00:14.180833050,425,root,test_video
0 days 00:00:14.214199716,426,root,test_video
0 days 00:00:14.247566382,427,root,test_video
0 days 00:00:14.280933048,428,root,test_video
0 days 00:00:14.314299714,429,root,test_video
0 days 00:00:14.347666380,430,root,test_video
0 days 00:00:14.381033046,431,root,test_video
0 days 00:00:14.414399712,432,root,test_video
0 days 00:00:14.447766378,433,root,test_video
0 days 00:00:14.481133044,434,root,test_video
0 days 00:00:14.514499710,435,root,test_video
0 days 00:00:14.547866376,436,root,test_video
0 days 00:00:14.581233042,437,root,test_video
0 days 00:00:14.614599708,438,root,test_video
0 days 00:00:14.647966374,439,root,test_video
0 days 00:00:14.681333040,440,root,test_video
0 days 00:00:14.714699706,441,root,test_video
0 days 00:00:14.748066372,442,root,test_video
0 days 00:00:14.781433038,443,root,test_video
0 days 00:00:14.814799704,444,root,test_video
0 days 00:00:14.848166370,445,root,test_video
0 days 00:00:14.881533036,446,root,test_video
0 days 00:00:14.914899702,447,root,test_video
0 days 00:00:14.948266368,448,root,test_video
0 days 00:00:14.981633034,449,root,test_video
0 days 00:00:15,15,root,test_tabular
0 days 00:00:15.014999700,450,root,test_video
0 days 00:00:15.048366366,451,root,test_video
0 days 00:00:15.081733032,452,root,test_video
0 days 00:00:15.115099698,453,root,test_video
0 days 00:00:15.148466364,454,root,test_video
0 days 00:00:15.181833030,455,root,test_video
0 days 00:00:15.215199696,456,root,test_video
0 days 00:00:15.248566362,457,root,test_video
0 days 00:00:15.281933028,458,root,test_video
0 days 00:00:15.315299694,459,root,test_video
0 days 00:00:15.348666360,460,root,test_video
0 days 00:00:15.382033026,461,root,test_video
0 days 00:00:15.415399692,462,root,test_video
0 days 00:00:15.448766358,463,root,test_video
0 days 00:00:15.482133024,464,root,test_video
0 days 00:00:15.515499690,465,root,test_video
0 days 00:00:15.548866356,466,root,test_video
0 days 00:00:15.582233022,467,root,test_video
0 days 00:00:15.615599688,468,root,test_video
0 days 00:00:15.648966354,469,root,test_video
0 days 00:00:15.682333020,470,root,test_video
0 days 00:00:15.715699686,471,root,test_video
0 days 00:00:15.749066352,472,root,test_video
0 days 00:00:15.782433018,473,root,test_video
0 days 00:00:15.815799684,474,root,test_video
0 days 00:00:15.849166350,475,root,test_video
0 days 00:00:15.882533016,476,root,test_video
0 days 00:00:15.915899682,477,root,test_video
0 days 00:00:15.949266348,478,root,test_video
0 days 00:00:15.982633014,479,root,test_video
0 days 00:00:16,16,root,test_tabular
0 days 00:00:16.015999680,480,root,test_video
0 days 00:00:16.049366346,481,root,test_video
0 days 00:00:16.082733012,482,root,test_video
0 days 00:00:16.116099678,483,root,test_video
0 days 00:00:16.149466344,484,root,test_video
0 days 00:00:16.182833010,485,root,test_video
0 days 00:00:16.216199676,486,root,test_video
0 days 00:00:16.249566342,487,root,test_video
0 days 00:00:16.282933008,488,root,test_video
0 days 00:00:16.316299674,489,root,test_video
0 days 00:00:16.349666340,490,root,test_video
0 days 00:00:16.383033006,491,root,test_video
0 days 00:00:16.416399672,492,root,test_video
0 days 00:00:16.449766338,493,root,test_video
0 days 00:00:16.483133004,494,root,test_video
0 days 00:00:16.516499670,495,root,test_video
0 days 00:00:16.549866336,496,root,test_video
0 days 00:00:16.583233002,497,root,test_video
0 days 00:00:16.616599668,498,root,test_video
0 days 00:00:16.649966334,499,root,test_video
0 days 00:00:16.683333,500,root,test_video
0 days 00:00:16.716699666,501,root,test_video
0 days 00:00:16.750066332,502,root,test_video
0 days 00:00:16.783432998,503,root,test_video
0 days 00:00:16.816799664,504,root,test_video
0 days 00:00:16.850166330,505,root,test_video
0 days 00:00:16.883532996,506,root,test_video
0 days 00:00:16.916899662,507,root,test_video
0 days 00:00:16.950266328,508,root,test_video
0 days 00:00:16.983632994,509,root,test_video
0 days 00:00:17,17,root,test_tabular
0 days 00:00:17.016999660,510,root,test_video
0 days 00:00:17.050366326,511,root,test_video
0 days 00:00:17.083732992,512,root,test_video
0 days 00:00:17.117099658,513,root,test_video
0 days 00:00:17.150466324,514,root,test_video
0 days 00:00:17.183832990,515,root,test_video
0 days 00:00:17.217199656,516,root,test_video
0 days 00:00:17.250566322,517,root,test_video
0 days 00:00:17.283932988,518,root,test_video
0 days 00:00:17.317299654,519,root,test_video
0 days 00:00:17.350666320,520,root,test_video
0 days 00:00:17.384032986,521,root,test_video
0 days 00:00:17.417399652,522,root,test_video
0 days 00:00:17.450766318,523,root,test_video
0 days 00:00:17.484132984,524,root,test_video
0 days 00:00:17.517499650,525,root,test_video
0 days 00:00:17.550866316,526,root,test_video
0 days 00:00:17.584232982,527,root,test_video
0 days 00:00:17.617599648,528,root,test_video
0 days 00:00:17.650966314,529,root,test_video
0 days 00:00:17.684332980,530,root,test_video
0 days 00:00:17.717699646,531,root,test_video
0 days 00:00:17.751066312,532,root,test_video
0 days 00:00:17.784432978,533,root,test_video
0 days 00:00:17.817799644,534,root,test_video
0 days 00:00:17.851166310,535,root,test_video
0 days 00:00:17.884532976,536,root,test_video
0 days 00:00:17.917899642,537,root,test_video
0 days 00:00:17.951266308,538,root,test_video
0 days 00:00:17.984632974,539,root,test_video
0 days 00:00:18,18,root,test_tabular
0 days 00:00:18.017999640,540,root,test_video
0 days 00:00:18.051366306,541,root,test_video
0 days 00:00:18.084732972,542,root,test_video
0 days 00:00:18.118099638,543,root,test_video
0 days 00:00:18.151466304,544,root,test_video
0 days 00:00:18.184832970,545,root,test_video
0 days 00:00:18.218199636,546,root,test_video
0 days 00:00:18.251566302,547,root,test_video
0 days 00:00:18.284932968,548,root,test_video
0 days 00:00:18.318299634,549,root,test_video
0 days 00:00:18.351666300,550,root,test_video
0 days 00:00:18.385032966,551,root,test_video
0 days 00:00:18.418399632,552,root,test_video
0 days 00:00:18.451766298,553,root,test_video
0 days 00:00:18.485132964,554,root,test_video
0 days 00:00:18.518499630,555,root,test_video
0 days 00:00:18.551866296,556,root,test_video
0 days 00:00:18.585232962,557,root,test_video
0 days 00:00:18.618599628,558,root,test_video
0 days 00:00:18.651966294,559,root,test_video
0 days 00:00:18.685332960,560,root,test_video
0 days 00:00:18.718699626,561,root,test_video
0 days 00:00:18.752066292,562,root,test_video
0 days 00:00:18.785432958,563,root,test_video
0 days 00:00:18.818799624,564,root,test_video
0 days 00:00:18.852166290,565,root,test_video
0 days 00:00:18.885532956,566,root,test_video
0 days 00:00:18.918899622,567,root,test_video
0 days 00:00:18.952266288,568,root,test_video
0 days 00:00:18.985632954,569,root,test_video
0 days 00:00:19,19,root,test_tabular
0 days 00:00:19.018999620,570,root,test_video
0 days 00:00:19.052366286,571,root,test_video
0 days 00:00:19.085732952,572,root,test_video
0 days 00:00:19.119099618,573,root,test_video
0 days 00:00:19.152466284,574,root,test_video
0 days 00:00:19.185832950,575,root,test_video
0 days 00:00:19.219199616,576,root,test_video
0 days 00:00:19.252566282,577,root,test_video
0 days 00:00:19.285932948,578,root,test_video
0 days 00:00:19.319299614,579,root,test_video
0 days 00:00:19.352666280,580,root,test_video
0 days 00:00:19.386032946,581,root,test_video
0 days 00:00:19.419399612,582,root,test_video
0 days 00:00:19.452766278,583,root,test_video
0 days 00:00:19.486132944,584,root,test_video
0 days 00:00:19.519499610,585,root,test_video
0 days 00:00:19.552866276,586,root,test_video
0 days 00:00:19.586232942,587,root,test_video
0 days 00:00:19.619599608,588,root,test_video
0 days 00:00:19.652966274,589,root,test_video
0 days 00:00:19.686332940,590,root,test_video
0 days 00:00:19.719699606,591,root,test_video
0 days 00:00:19.753066272,592,root,test_video
0 days 00:00:19.786432938,593,root,test_video
0 days 00:00:19.819799604,594,root,test_video
0 days 00:00:19.853166270,595,root,test_video
0 days 00:00:19.886532936,596,root,test_video
0 days 00:00:19.919899602,597,root,test_video
0 days 00:00:19.953266268,598,root,test_video
0 days 00:00:19.986632934,599,root,test_video
0 days 00:00:20,20,root,test_tabular
0 days 00:00:20.019999600,600,root,test_video
0 days 00:00:20.053366266,601,root,test_video
0 days 00:00:20.086732932,602,root,test_video
0 days 00:00:20.120099598,603,root,test_video
0 days 00:00:20.153466264,604,root,test_video
0 days 00:00:20.186832930,605,root,test_video
0 days 00:00:20.220199596,606,root,test_video
0 days 00:00:20.253566262,607,root,test_video
0 days 00:00:20.286932928,608,root,test_video
0 days 00:00:20.320299594,609,root,test_video
0 days 00:00:20.353666260,610,root,test_video
0 days 00:00:20.387032926,611,root,test_video
0 days 00:00:20.420399592,612,root,test_video
0 days 00:00:20.453766258,613,root,test_video
0 days 00:00:20.487132924,614,root,test_video
0 days 00:00:20.520499590,615,root,test_video
0 days 00:00:20.553866256,616,root,test_video
0 days 00:00:20.587232922,617,root,test_video
0 days 00:00:20.620599588,618,root,test_video
0 days 00:00:20.653966254,619,root,test_video
0 days 00:00:20.687332920,620,root,test_video
0 days 00:00:20.720699586,621,root,test_video
0 days 00:00:20.754066252,622,root,test_video
0 days 00:00:20.787432918,623,root,test_video
0 days 00:00:20.820799584,624,root,test_video
0 days 00:00:20.854166250,625,root,test_video
0 days 00:00:20.887532916,626,root,test_video
0 days 00:00:20.920899582,627,root,test_video
0 days 00:00:20.954266248,628,root,test_video
0 days 00:00:20.987632914,629,root,test_video
0 days 00:00:21,21,root,test_tabular
0 days 00:00:21.020999580,630,root,test_video
0 days 00:00:21.054366246,631,root,test_video
0 days 00:00:21.087732912,632,root,test_video
0 days 00:00:21.121099578,633,root,test_video
0 days 00:00:21.154466244,634,root,test_video
0 days 00:00:21.187832910,635,root,test_video
0 days 00:00:21.221199576,636,root,test_video
0 days 00:00:21.254566242,637,root,test_video
0 days 00:00:21.287932908,638,root,test_video
0 days 00:00:21.321299574,639,root,test_video
0 days 00:00:21.354666240,640,root,test_video
0 days 00:00:21.388032906,641,root,test_video
0 days 00:00:21.421399572,642,root,test_video
0 days 00:00:21.454766238,643,root,test_video
0 days 00:00:21.488132904,644,root,test_video
0 days 00:00:21.521499570,645,root,test_video
0 days 00:00:21.554866236,646,root,test_video
0 days 00:00:21.588232902,647,root,test_video
0 days 00:00:21.621599568,648,root,test_video
0 days 00:00:21.654966234,649,root,test_video
0 days 00:00:21.688332900,650,root,test_video
0 days 00:00:21.721699566,651,root,test_video
0 days 00:00:21.755066232,652,root,test_video
0 days 00:00:21.788432898,653,root,test_video
0 days 00:00:21.821799564,654,root,test_video
0 days 00:00:21.855166230,655,root,test_video
0 days 00:00:21.888532896,656,root,test_video
0 days 00:00:21.921899562,657,root,test_video
0 days 00:00:21.955266228,658,root,test_video
0 days 00:00:21.988632894,659,root,test_video
0 days 00:00:22,22,root,test_tabular
0 days 00:00:22.021999560,660,root,test_video
0 days 00:00:22.055366226,661,root,test_video
0 days 00:00:22.088732892,662,root,test_video
0 days 00:00:22.122099558,663,root,test_video
0 days 00:00:22.155466224,664,root,test_video
0 days 00:00:22.188832890,665,root,test_video
0 days 00:00:22.222199556,666,root,test_video
0 days 00:00:22.255566222,667,root,test_video
0 days 00:00:22.288932888,668,root,test_video
0 days 00:00:22.322299554,669,root,test_video
0 days 00:00:22.355666220,670,root,test_video
0 days 00:00:22.389032886,671,root,test_video
0 days 00:00:22.422399552,672,root,test_video
0 days 00:00:22.455766218,673,root,test_video
0 days 00:00:22.489132884,674,root,test_video
0 days 00:00:22.522499550,675,root,test_video
0 days 00:00:22.555866216,676,root,test_video
0 days 00:00:22.589232882,677,root,test_video
0 days 00:00:22.622599548,678,root,test_video
0 days 00:00:22.655966214,679,root,test_video
0 days 00:00:22.689332880,680,root,test_video
0 days 00:00:22.722699546,681,root,test_video
0 days 00:00:22.756066212,682,root,test_video
0 days 00:00:22.789432878,683,root,test_video
0 days 00:00:22.822799544,684,root,test_video
0 days 00:00:22.856166210,685,root,test_video
0 days 00:00:22.889532876,686,root,test_video
0 days 00:00:22.922899542,687,root,test_video
0 days 00:00:22.956266208,688,root,test_video
0 days 00:00:22.989632874,689,root,test_video
0 days 00:00:23,23,root,test_tabular
0 days 00:00:23.022999540,690,root,test_video
0 days 00:00:23.056366206,691,root,test_video
0 days 00:00:23.089732872,692,root,test_video
0 days 00:00:23.123099538,693,root,test_video
0 days 00:00:23.156466204,694,root,test_video
0 days 00:00:23.189832870,695,root,test_video
0 days 00:00:23.223199536,696,root,test_video
0 days 00:00:23.256566202,697,root,test_video
0 days 00:00:23.289932868,698,root,test_video
0 days 00:00:23.323299534,699,root,test_video
0 days 00:00:23.356666200,700,root,test_video
0 days 00:00:23.390032866,701,root,test_video
0 days 00:00:23.423399532,702,root,test_video
0 days 00:00:23.456766198,703,root,test_video
0 days 00:00:23.490132864,704,root,test_video
0 days 00:00:23.523499530,705,root,test_video
0 days 00:00:23.556866196,706,root,test_video
0 days 00:00:23.590232862,707,root,test_video
0 days 00:00:23.623599528,708,root,test_video
0 days 00:00:23.656966194,709,root,test_video
0 days 00:00:23.690332860,710,root,test_video
0 days 00:00:23.723699526,711,root,test_video
0 days 00:00:23.757066192,712,root,test_video
0 days 00:00:23.790432858,713,root,test_video
0 days 00:00:23.823799524,714,root,test_video
0 days 00:00:23.857166190,715,root,test_video
0 days 00:00:23.890532856,716,root,test_video
0 days 00:00:23.923899522,717,root,test_video
0 days 00:00:23.957266188,718,root,test_video
0 days 00:00:23.990632854,719,root,test_video
0 days 00:00:24,24,root,test_tabular
0 days 00:00:24.023999520,720,root,test_video
0 days 00:00:24.057366186,721,root,test_video
0 days 00:00:24.090732852,722,root,test_video
0 days 00:00:24.124099518,723,root,test_video
0 days 00:00:24.157466184,724,root,test_video
0 days 00:00:24.190832850,725,root,test_video
0 days 00:00:24.224199516,726,root,test_video
0 days 00:00:24.257566182,727,root,test_video
0 days 00:00:24.290932848,728,root,test_video
0 days 00:00:24.324299514,729,root,test_video
0 days 00:00:24.357666180,730,root,test_video
0 days 00:00:24.391032846,731,root,test_video
0 days 00:00:24.424399512,732,root,test_video
0 days 00:00:24.457766178,733,root,test_video
0 days 00:00:24.491132844,734,root,test_video
0 days 00:00:24.524499510,735,root,test_video
0 days 00:00:24.557866176,736,root,test_video
0 days 00:00:24.591232842,737,root,test_video
0 days 00:00:24.624599508,738,root,test_video
0 days 00:00:24.657966174,739,root,test_video
0 days 00:00:24.691332840,740,root,test_video
0 days 00:00:24.724699506,741,root,test_video
0 days 00:00:24.758066172,742,root,test_video
0 days 00:00:24.791432838,743,root,test_video
0 days 00:00:24.824799504,744,root,test_video
0 days 00:00:24.858166170,745,root,test_video
0 days 00:00:24.891532836,746,root,test_video
0 days 00:00:24.924899502,747,root,test_video
0 days 00:00:24.958266168,748,root,test_video
0 days 00:00:24.991632834,749,root,test_video
0 days 00:00:25,25,root,test_tabular
0 days 00:00:25.024999500,750,root,test_video
0 days 00:00:25.058366166,751,root,test_video
0 days 00:00:25.091732832,752,root,test_video
0 days 00:00:25.125099498,753,root,test_video
0 days 00:00:25.158466164,754,root,test_video
0 days 00:00:25.191832830,755,root,test_video
0 days 00:00:25.225199496,756,root,test_video
0 days 00:00:25.258566162,757,root,test_video
0 days 00:00:25.291932828,758,root,test_video
0 days 00:00:25.325299494,759,root,test_video
0 days 00:00:25.358666160,760,root,test_video
0 days 00:00:25.392032826,761,root,test_video
0 days 00:00:25.425399492,762,root,test_video
0 days 00:00:25.458766158,763,root,test_video
0 days 00:00:25.492132824,764,root,test_video
0 days 00:00:25.525499490,765,root,test_video
0 days 00:00:25.558866156,766,root,test_video
0 days 00:00:25.592232822,767,root,test_video
0 days 00:00:25.625599488,768,root,test_video
0 days 00:00:25.658966154,769,root,test_video
0 days 00:00:25.692332820,770,root,test_video
0 days 00:00:25.725699486,771,root,test_video
0 days 00:00:25.759066152,772,root,test_video
0 days 00:00:25.792432818,773,root,test_video
0 days 00:00:25.825799484,774,root,test_video
0 days 00:00:25.859166150,775,root,test_video
0 days 00:00:25.892532816,776,root,test_video
0 days 00:00:25.925899482,777,root,test_video
0 days 00:00:25.959266148,778,root,test_video
0 days 00:00:25.992632814,779,root,test_video
0 days 00:00:26,26,root,test_tabular
0 days 00:00:26.025999480,780,root,test_video
0 days 00:00:26.059366146,781,root,test_video
0 days 00:00:26.092732812,782,root,test_video
0 days 00:00:26.126099478,783,root,test_video
0 days 00:00:26.159466144,784,root,test_video
0 days 00:00:26.192832810,785,root,test_video
0 days 00:00:26.226199476,786,root,test_video
0 days 00:00:26.259566142,787,root,test_video
0 days 00:00:26.292932808,788,root,test_video
0 days 00:00:26.326299474,789,root,test_video
0 days 00:00:26.359666140,790,root,test_video
0 days 00:00:26.393032806,791,root,test_video
0 days 00:00:26.426399472,792,root,test_video
0 days 00:00:26.459766138,793,root,test_video
0 days 00:00:26.493132804,794,root,test_video
0 days 00:00:26.526499470,795,root,test_video
0 days 00:00:26.559866136,796,root,test_video
0 days 00:00:26.593232802,797,root,test_video
0 days 00:00:26.626599468,798,root,test_video
0 days 00:00:26.659966134,799,root,test_video
0 days 00:00:26.693332800,800,root,test_video
0 days 00:00:26.726699466,801,root,test_video
0 days 00:00:26.760066132,802,root,test_video
0 days 00:00:26.793432798,803,root,test_video
0 days 00:00:26.826799464,804,root,test_video
0 days 00:00:26.860166130,805,root,test_video
0 days 00:00:26.893532796,806,root,test_video
0 days 00:00:26.926899462,807,root,test_video
0 days 00:00:26.960266128,808,root,test_video
0 days 00:00:26.993632794,809,root,test_video
0 days 00:00:27,27,root,test_tabular
0 days 00:00:27.026999460,810,root,test_video
0 days 00:00:27.060366126,811,root,test_video
0 days 00:00:27.093732792,812,root,test_video
0 days 00:00:27.127099458,813,root,test_video
0 days 00:00:27.160466124,814,root,test_video
0 days 00:00:27.193832790,815,root,test_video
0 days 00:00:27.227199456,816,root,test_video
0 days 00:00:27.260566122,817,root,test_video
0 days 00:00:27.293932788,818,root,test_video
0 days 00:00:27.327299454,819,root,test_video
0 days 00:00:27.360666120,820,root,test_video
0 days 00:00:27.394032786,821,root,test_video
0 days 00:00:27.427399452,822,root,test_video
0 days 00:00:27.460766118,823,root,test_video
0 days 00:00:27.494132784,824,root,test_video
0 days 00:00:27.527499450,825,root,test_video
0 days 00:00:27.560866116,826,root,test_video
0 days 00:00:27.594232782,827,root,test_video
0 days 00:00:27.627599448,828,root,test_video
0 days 00:00:27.660966114,829,root,test_video
0 days 00:00:27.694332780,830,root,test_video
0 days 00:00:27.727699446,831,root,test_video
0 days 00:00:27.761066112,832,root,test_video
0 days 00:00:27.794432778,833,root,test_video
0 days 00:00:27.827799444,834,root,test_video
0 days 00:00:27.861166110,835,root,test_video
0 days 00:00:27.894532776,836,root,test_video
0 days 00:00:27.927899442,837,root,test_video
0 days 00:00:27.961266108,838,root,test_video
0 days 00:00:27.994632774,839,root,test_video
0 days 00:00:28,28,root,test_tabular
0 days 00:00:28.027999440,840,root,test_video
0 days 00:00:28.061366106,841,root,test_video
0 days 00:00:28.094732772,842,root,test_video
0 days 00:00:28.128099438,843,root,test_video
0 days 00:00:28.161466104,844,root,test_video
0 days 00:00:28.194832770,845,root,test_video
0 days 00:00:28.228199436,846,root,test_video
0 days 00:00:28.261566102,847,root,test_video
0 days 00:00:28.294932768,848,root,test_video
0 days 00:00:28.328299434,849,root,test_video
0 days 00:00:28.361666100,850,root,test_video
0 days 00:00:28.395032766,851,root,test_video
0 days 00:00:28.428399432,852,root,test_video
0 days 00:00:28.461766098,853,root,test_video
0 days 00:00:28.495132764,854,root,test_video
0 days 00:00:28.528499430,855,root,test_video
0 days 00:00:28.561866096,856,root,test_video
0 days 00:00:28.595232762,857,root,test_video
0 days 00:00:28.628599428,858,root,test_video
0 days 00:00:28.661966094,859,root,test_video
0 days 00:00:28.695332760,860,root,test_video
0 days 00:00:28.728699426,861,root,test_video
0 days 00:00:28.762066092,862,root,test_video
0 days 00:00:28.795432758,863,root,test_video
0 days 00:00:28.828799424,864,root,test_video
0 days 00:00:28.862166090,865,root,test_video
0 days 00:00:28.895532756,866,root,test_video
0 days 00:00:28.928899422,867,root,test_video
0 days 00:00:28.962266088,868,root,test_video
0 days 00:00:28.995632754,869,root,test_video
0 days 00:00:29,29,root,test_tabular
0 days 00:00:29.028999420,870,root,test_video
0 days 00:00:29.062366086,871,root,test_video
0 days 00:00:29.095732752,872,root,test_video
0 days 00:00:29.129099418,873,root,test_video
0 days 00:00:29.162466084,874,root,test_video
0 days 00:00:29.195832750,875,root,test_video
0 days 00:00:29.229199416,876,root,test_video
0 days 00:00:29.262566082,877,root,test_video
0 days 00:00:29.295932748,878,root,test_video
0 days 00:00:29.329299414,879,root,test_video
0 days 00:00:29.362666080,880,root,test_video
0 days 00:00:29.396032746,881,root,test_video
0 days 00:00:29.429399412,882,root,test_video
0 days 00:00:29.462766078,883,root,test_video
0 days 00:00:29.496132744,884,root,test_video
0 days 00:00:29.529499410,885,root,test_video
0 days 00:00:29.562866076,886,root,test_video
0 days 00:00:29.596232742,887,root,test_video
0 days 00:00:29.629599408,888,root,test_video
0 days 00:00:29.662966074,889,root,test_video
0 days 00:00:29.696332740,890,root,test_video
0 days 00:00:29.729699406,891,root,test_video
0 days 00:00:29.763066072,892,root,test_video
0 days 00:00:29.796432738,893,root,test_video
0 days 00:00:29.829799404,894,root,test_video
0 days 00:00:29.863166070,895,root,test_video
0 days 00:00:29.896532736,896,root,test_video
0 days 00:00:29.929899402,897,root,test_video
0 days 00:00:29.963266068,898,root,test_video
0 days 00:00:29.996632734,899,root,test_video
0 days 00:00:30,30,root,test_tabular
0 days 00:00:30.029999400,900,root,test_video
0 days 00:00:30.063366066,901,root,test_video
0 days 00:00:30.096732732,902,root,test_video
0 days 00:00:30.130099398,903,root,test_video
0 days 00:00:30.163466064,904,root,test_video
0 days 00:00:30.196832730,905,root,test_video
0 days 00:00:30.230199396,906,root,test_video
0 days 00:00:30.263566062,907,root,test_video
0 days 00:00:30.296932728,908,root,test_video
0 days 00:00:30.330299394,909,root,test_video
0 days 00:00:30.363666060,910,root,test_video
0 days 00:00:30.397032726,911,root,test_video
0 days 00:00:30.430399392,912,root,test_video
0 days 00:00:30.463766058,913,root,test_video
0 days 00:00:30.497132724,914,root,test_video
0 days 00:00:30.530499390,915,root,test_video
0 days 00:00:30.563866056,916,root,test_video
0 days 00:00:30.597232722,917,root,test_video
0 days 00:00:30.630599388,918,root,test_video
0 days 00:00:30.663966054,919,root,test_video
0 days 00:00:30.697332720,920,root,test_video
0 days 00:00:30.730699386,921,root,test_video
0 days 00:00:30.764066052,922,root,test_video
0 days 00:00:30.797432718,923,root,test_video
0 days 00:00:30.830799384,924,root,test_video
0 days 00:00:30.864166050,925,root,test_video
0 days 00:00:30.897532716,926,root,test_video
0 days 00:00:30.930899382,927,root,test_video
0 days 00:00:30.964266048,928,root,test_video
0 days 00:00:30.997632714,929,root,test_video
0 days 00:00:31,31,root,test_tabular
0 days 00:00:31.030999380,930,root,test_video
0 days 00:00:31.064366046,931,root,test_video
0 days 00:00:31.097732712,932,root,test_video
0 days 00:00:31.131099378,933,root,test_video
0 days 00:00:31.164466044,934,root,test_video
0 days 00:00:31.197832710,935,root,test_video
0 days 00:00:31.231199376,936,root,test_video
0 days 00:00:31.264566042,937,root,test_video
0 days 00:00:31.297932708,938,root,test_video
0 days 00:00:31.331299374,939,root,test_video
0 days 00:00:31.364666040,940,root,test_video
0 days 00:00:31.398032706,941,root,test_video
0 days 00:00:31.431399372,942,root,test_video
0 days 00:00:31.464766038,943,root,test_video
0 days 00:00:31.498132704,944,root,test_video
0 days 00:00:31.531499370,945,root,test_video
0 days 00:00:31.564866036,946,root,test_video
0 days 00:00:31.598232702,947,root,test_video
0 days 00:00:31.631599368,948,root,test_video
0 days 00:00:31.664966034,949,root,test_video
0 days 00:00:31.698332700,950,root,test_video
0 days 00:00:31.731699366,951,root,test_video
0 days 00:00:31.765066032,952,root,test_video
0 days 00:00:31.798432698,953,root,test_video
0 days 00:00:31.831799364,954,root,test_video
0 days 00:00:31.865166030,955,root,test_video
0 days 00:00:31.898532696,956,root,test_video
0 days 00:00:31.931899362,957,root,test_video
0 days 00:00:31.965266028,958,root,test_video
0 days 00:00:31.998632694,959,root,test_video
0 days 00:00:32,32,root,test_tabular
0 days 00:00:32.031999360,960,root,test_video
0 days 00:00:32.065366026,961,root,test_video
0 days 00:00:32.098732692,962,root,test_video
0 days 00:00:32.132099358,963,root,test_video
0 days 00:00:32.165466024,964,root,test_video
0 days 00:00:32.198832690,965,root,test_video
0 days 00:00:32.232199356,966,root,test_video
0 days 00:00:32.265566022,967,root,test_video
0 days 00:00:32.298932688,968,root,test_video
0 days 00:00:32.332299354,969,root,test_video
0 days 00:00:32.365666020,970,root,test_video
0 days 00:00:32.399032686,971,root,test_video
0 days 00:00:32.432399352,972,root,test_video
0 days 00:00:32.465766018,973,root,test_video
0 days 00:00:32.499132684,974,root,test_video
0 days 00:00:32.532499350,975,root,test_video
0 days 00:00:32.565866016,976,root,test_video
0 days 00:00:32.599232682,977,root,test_video
0 days 00:00:32.632599348,978,root,test_video
0 days 00:00:32.665966014,979,root,test_video
0 days 00:00:32.699332680,980,root,test_video
0 days 00:00:32.732699346,981,root,test_video
0 days 00:00:32.766066012,982,root,test_video
0 days 00:00:32.799432678,983,root,test_video
0 days 00:00:32.832799344,984,root,test_video
0 days 00:00:32.866166010,985,root,test_video
0 days 00:00:32.899532676,986,root,test_video
0 days 00:00:32.932899342,987,root,test_video
0 days 00:00:32.966266008,988,root,test_video
0 days 00:00:32.999632674,989,root,test_video
0 days 00:00:33,33,root,test_tabular
0 days 00:00:33.032999340,990,root,test_video
0 days 00:00:33.066366006,991,root,test_video
0 days 00:00:33.099732672,992,root,test_video
0 days 00:00:33.133099338,993,root,test_video
0 days 00:00:33.166466004,994,root,test_video
0 days 00:00:33.199832670,995,root,test_video
0 days 00:00:33.233199336,996,root,test_video
0 days 00:00:33.266566002,997,root,test_video
0 days 00:00:33.299932668,998,root,test_video
0 days 00:00:33.333299334,999,root,test_video
0 days 00:00:33.366666,1000,root,test_video
0 days 00:00:33.400032666,1001,root,test_video
0 days 00:00:33.433399332,1002,root,test_video
0 days 00:00:33.466765998,1003,root,test_video
0 days 00:00:33.500132664,1004,root,test_video
0 days 00:00:33.533499330,1005,root,test_video
0 days 00:00:33.566865996,1006,root,test_video
0 days 00:00:33.600232662,1007,root,test_video
0 days 00:00:33.633599328,1008,root,test_video
0 days 00:00:33.666965994,1009,root,test_video
0 days 00:00:33.700332660,1010,root,test_video
0 days 00:00:33.733699326,1011,root,test_video
0 days 00:00:33.767065992,1012,root,test_video
0 days 00:00:33.800432658,1013,root,test_video
0 days 00:00:33.833799324,1014,root,test_video
0 days 00:00:33.867165990,1015,root,test_video
0 days 00:00:33.900532656,1016,root,test_video
0 days 00:00:33.933899322,1017,root,test_video
0 days 00:00:33.967265988,1018,root,test_video
0 days 00:00:34,34,root,test_tabular
0 days 00:00:34.000632654,1019,root,test_video
0 days 00:00:34.033999320,1020,root,test_video
0 days 00:00:34.067365986,1021,root,test_video
0 days 00:00:34.100732652,1022,root,test_video
0 days 00:00:34.134099318,1023,root,test_video
0 days 00:00:34.167465984,1024,root,test_video
0 days 00:00:34.200832650,1025,root,test_video
0 days 00:00:34.234199316,1026,root,test_video
0 days 00:00:34.267565982,1027,root,test_video
0 days 00:00:34.300932648,1028,root,test_video
0 days 00:00:34.334299314,1029,root,test_video
0 days 00:00:34.367665980,1030,root,test_video
0 days 00:00:34.401032646,1031,root,test_video
0 days 00:00:34.434399312,1032,root,test_video
0 days 00:00:34.467765978,1033,root,test_video
0 days 00:00:34.501132644,1034,root,test_video
0 days 00:00:34.534499310,1035,root,test_video
0 days 00:00:34.567865976,1036,root,test_video
0 days 00:00:34.601232642,1037,root,test_video
0 days 00:00:34.634599308,1038,root,test_video
0 days 00:00:34.667965974,1039,root,test_video
0 days 00:00:34.701332640,1040,root,test_video
0 days 00:00:34.734699306,1041,root,test_video
0 days 00:00:34.768065972,1042,root,test_video
0 days 00:00:34.801432638,1043,root,test_video
0 days 00:00:34.834799304,1044,root,test_video
0 days 00:00:34.868165970,1045,root,test_video
0 days 00:00:34.901532636,1046,root,test_video
0 days 00:00:34.934899302,1047,root,test_video
0 days 00:00:34.968265968,1048,root,test_video
0 days 00:00:35,35,root,test_tabular
0 days 00:00:35.001632634,1049,root,test_video
0 days 00:00:35.034999300,1050,root,test_video
0 days 00:00:35.068365966,1051,root,test_video
0 days 00:00:35.101732632,1052,root,test_video
0 days 00:00:35.135099298,1053,root,test_video
0 days 00:00:35.168465964,1054,root,test_video
0 days 00:00:35.201832630,1055,root,test_video
0 days 00:00:35.235199296,1056,root,test_video
0 days 00:00:35.268565962,1057,root,test_video
0 days 00:00:35.301932628,1058,root,test_video
0 days 00:00:35.335299294,1059,root,test_video
0 days 00:00:35.368665960,1060,root,test_video
0 days 00:00:35.402032626,1061,root,test_video
0 days 00:00:35.435399292,1062,root,test_video
0 days 00:00:35.468765958,1063,root,test_video
0 days 00:00:35.502132624,1064,root,test_video
0 days 00:00:35.535499290,1065,root,test_video
0 days 00:00:35.568865956,1066,root,test_video
0 days 00:00:35.602232622,1067,root,test_video
0 days 00:00:35.635599288,1068,root,test_video
0 days 00:00:35.668965954,1069,root,test_video
0 days 00:00:35.702332620,1070,root,test_video
0 days 00:00:35.735699286,1071,root,test_video
0 days 00:00:35.769065952,1072,root,test_video
0 days 00:00:35.802432618,1073,root,test_video
0 days 00:00:35.835799284,1074,root,test_video
0 days 00:00:35.869165950,1075,root,test_video
0 days 00:00:35.902532616,1076,root,test_video
0 days 00:00:35.935899282,1077,root,test_video
0 days 00:00:35.969265948,1078,root,test_video
0 days 00:00:36,36,root,test_tabular
0 days 00:00:36.002632614,1079,root,test_video
0 days 00:00:36.035999280,1080,root,test_video
0 days 00:00:36.069365946,1081,root,test_video
0 days 00:00:36.102732612,1082,root,test_video
0 days 00:00:36.136099278,1083,root,test_video
0 days 00:00:36.169465944,1084,root,test_video
0 days 00:00:36.202832610,1085,root,test_video
0 days 00:00:36.236199276,1086,root,test_video
0 days 00:00:36.269565942,1087,root,test_video
0 days 00:00:36.302932608,1088,root,test_video
0 days 00:00:36.336299274,1089,root,test_video
0 days 00:00:36.369665940,1090,root,test_video
0 days 00:00:36.403032606,1091,root,test_video
0 days 00:00:36.436399272,1092,root,test_video
0 days 00:00:36.469765938,1093,root,test_video
0 days 00:00:36.503132604,1094,root,test_video
0 days 00:00:36.536499270,1095,root,test_video
0 days 00:00:36.569865936,1096,root,test_video
0 days 00:00:36.603232602,1097,root,test_video
0 days 00:00:36.636599268,1098,root,test_video
0 days 00:00:36.669965934,1099,root,test_video
0 days 00:00:36.703332600,1100,root,test_video
0 days 00:00:36.736699266,1101,root,test_video
0 days 00:00:36.770065932,1102,root,test_video
0 days 00:00:36.803432598,1103,root,test_video
0 days 00:00:36.836799264,1104,root,test_video
0 days 00:00:36.870165930,1105,root,test_video
0 days 00:00:36.903532596,1106,root,test_video
0 days 00:00:36.936899262,1107,root,test_video
0 days 00:00:36.970265928,1108,root,test_video
0 days 00:00:37,37,root,test_tabular
0 days 00:00:37.003632594,1109,root,test_video
0 days 00:00:37.036999260,1110,root,test_video
0 days 00:00:37.070365926,1111,root,test_video
0 days 00:00:37.103732592,1112,root,test_video
0 days 00:00:37.137099258,1113,root,test_video
0 days 00:00:37.170465924,1114,root,test_video
0 days 00:00:37.203832590,1115,root,test_video
0 days 00:00:37.237199256,1116,root,test_video
0 days 00:00:37.270565922,1117,root,test_video
0 days 00:00:37.303932588,1118,root,test_video
0 days 00:00:37.337299254,1119,root,test_video
0 days 00:00:37.370665920,1120,root,test_video
0 days 00:00:37.404032586,1121,root,test_video
0 days 00:00:37.437399252,1122,root,test_video
0 days 00:00:37.470765918,1123,root,test_video
0 days 00:00:37.504132584,1124,root,test_video
0 days 00:00:37.537499250,1125,root,test_video
0 days 00:00:37.570865916,1126,root,test_video
0 days 00:00:37.604232582,1127,root,test_video
0 days 00:00:37.637599248,1128,root,test_video
0 days 00:00:37.670965914,1129,root,test_video
0 days 00:00:37.704332580,1130,root,test_video
0 days 00:00:37.737699246,1131,root,test_video
0 days 00:00:37.771065912,1132,root,test_video
0 days 00:00:37.804432578,1133,root,test_video
0 days 00:00:37.837799244,1134,root,test_video
0 days 00:00:37.871165910,1135,root,test_video
0 days 00:00:37.904532576,1136,root,test_video
0 days 00:00:37.937899242,1137,root,test_video
0 days 00:00:37.971265908,1138,root,test_video
0 days 00:00:38,38,root,test_tabular
0 days 00:00:38.004632574,1139,root,test_video
0 days 00:00:38.037999240,1140,root,test_video
0 days 00:00:38.071365906,1141,root,test_video
0 days 00:00:38.104732572,1142,root,test_video
0 days 00:00:38.138099238,1143,root,test_video
0 days 00:00:38.171465904,1144,root,test_video
0 days 00:00:38.204832570,1145,root,test_video
0 days 00:00:38.238199236,1146,root,test_video
0 days 00:00:38.271565902,1147,root,test_video
0 days 00:00:38.304932568,1148,root,test_video
0 days 00:00:38.338299234,1149,root,test_video
0 days 00:00:38.371665900,1150,root,test_video
0 days 00:00:38.405032566,1151,root,test_video
0 days 00:00:38.438399232,1152,root,test_video
0 days 00:00:38.471765898,1153,root,test_video
0 days 00:00:38.505132564,1154,root,test_video
0 days 00:00:38.538499230,1155,root,test_video
0 days 00:00:38.571865896,1156,root,test_video
0 days 00:00:38.605232562,1157,root,test_video
0 days 00:00:38.638599228,1158,root,test_video
0 days 00:00:38.671965894,1159,root,test_video
0 days 00:00:38.705332560,1160,root,test_video
0 days 00:00:38.738699226,1161,root,test_video
0 days 00:00:38.772065892,1162,root,test_video
0 days 00:00:38.805432558,1163,root,test_video
0 days 00:00:38.838799224,1164,root,test_video
0 days 00:00:38.872165890,1165,root,test_video
0 days 00:00:38.905532556,1166,root,test_video
0 days 00:00:38.938899222,1167,root,test_video
0 days 00:00:38.972265888,1168,root,test_video
0 days 00:00:39,39,root,test_tabular
0 days 00:00:39.005632554,1169,root,test_video
0 days 00:00:39.038999220,1170,root,test_video
0 days 00:00:39.072365886,1171,root,test_video
0 days 00:00:39.105732552,1172,root,test_video
0 days 00:00:39.139099218,1173,root,test_video
0 days 00:00:39.172465884,1174,root,test_video
0 days 00:00:39.205832550,1175,root,test_video
0 days 00:00:39.239199216,1176,root,test_video
0 days 00:00:39.272565882,1177,root,test_video
0 days 00:00:39.305932548,1178,root,test_video
0 days 00:00:39.339299214,1179,root,test_video
0 days 00:00:39.372665880,1180,root,test_video
0 days 00:00:39.406032546,1181,root,test_video
0 days 00:00:39.439399212,1182,root,test_video
0 days 00:00:39.472765878,1183,root,test_video
0 days 00:00:39.506132544,1184,root,test_video
0 days 00:00:39.539499210,1185,root,test_video
0 days 00:00:39.572865876,1186,root,test_video
0 days 00:00:39.606232542,1187,root,test_video
0 days 00:00:39.639599208,1188,root,test_video
0 days 00:00:39.672965874,1189,root,test_video
0 days 00:00:39.706332540,1190,root,test_video
0 days 00:00:39.739699206,1191,root,test_video
0 days 00:00:39.773065872,1192,root,test_video
0 days 00:00:39.806432538,1193,root,test_video
0 days 00:00:39.839799204,1194,root,test_video
0 days 00:00:39.873165870,1195,root,test_video
0 days 00:00:39.906532536,1196,root,test_video
0 days 00:00:39.939899202,1197,root,test_video
0 days 00:00:39.973265868,1198,root,test_video
0 days 00:00:40,40,root,test_tabular
0 days 00:00:40.006632534,1199,root,test_video
0 days 00:00:40.039999200,1200,root,test_video
0 days 00:00:40.073365866,1201,root,test_video
0 days 00:00:40.106732532,1202,root,test_video
0 days 00:00:40.140099198,1203,root,test_video
0 days 00:00:40.173465864,1204,root,test_video
0 days 00:00:40.206832530,1205,root,test_video
0 days 00:00:40.240199196,1206,root,test_video
0 days 00:00:40.273565862,1207,root,test_video
0 days 00:00:40.306932528,1208,root,test_video
0 days 00:00:40.340299194,1209,root,test_video
0 days 00:00:40.373665860,1210,root,test_video
0 days 00:00:40.407032526,1211,root,test_video
0 days 00:00:40.440399192,1212,root,test_video
0 days 00:00:40.473765858,1213,root,test_video
0 days 00:00:40.507132524,1214,root,test_video
0 days 00:00:40.540499190,1215,root,test_video
0 days 00:00:40.573865856,1216,root,test_video
0 days 00:00:40.607232522,1217,root,test_video
0 days 00:00:40.640599188,1218,root,test_video
0 days 00:00:40.673965854,1219,root,test_video
0 days 00:00:40.707332520,1220,root,test_video
0 days 00:00:40.740699186,1221,root,test_video
0 days 00:00:40.774065852,1222,root,test_video
0 days 00:00:40.807432518,1223,root,test_video
0 days 00:00:40.840799184,1224,root,test_video
0 days 00:00:40.874165850,1225,root,test_video
0 days 00:00:40.907532516,1226,root,test_video
0 days 00:00:40.940899182,1227,root,test_video
0 days 00:00:40.974265848,1228,root,test_video
0 days 00:00:41,41,root,test_tabular
0 days 00:00:41.007632514,1229,root,test_video
0 days 00:00:41.040999180,1230,root,test_video
0 days 00:00:41.074365846,1231,root,test_video
0 days 00:00:41.107732512,1232,root,test_video
0 days 00:00:41.141099178,1233,root,test_video
0 days 00:00:41.174465844,1234,root,test_video
0 days 00:00:41.207832510,1235,root,test_video
0 days 00:00:41.241199176,1236,root,test_video
0 days 00:00:41.274565842,1237,root,test_video
0 days 00:00:41.307932508,1238,root,test_video
0 days 00:00:41.341299174,1239,root,test_video
0 days 00:00:41.374665840,1240,root,test_video
0 days 00:00:41.408032506,1241,root,test_video
0 days 00:00:41.441399172,1242,root,test_video
0 days 00:00:41.474765838,1243,root,test_video
0 days 00:00:41.508132504,1244,root,test_video
0 days 00:00:41.541499170,1245,root,test_video
0 days 00:00:41.574865836,1246,root,test_video
0 days 00:00:41.608232502,1247,root,test_video
0 days 00:00:41.641599168,1248,root,test_video
0 days 00:00:41.674965834,1249,root,test_video
0 days 00:00:41.708332500,1250,root,test_video
0 days 00:00:41.741699166,1251,root,test_video
0 days 00:00:41.775065832,1252,root,test_video
0 days 00:00:41.808432498,1253,root,test_video
0 days 00:00:41.841799164,1254,root,test_video
0 days 00:00:41.875165830,1255,root,test_video
0 days 00:00:41.908532496,1256,root,test_video
0 days 00:00:41.941899162,1257,root,test_video
0 days 00:00:41.975265828,1258,root,test_video
0 days 00:00:42,42,root,test_tabular
0 days 00:00:42.008632494,1259,root,test_video
0 days 00:00:42.041999160,1260,root,test_video
0 days 00:00:42.075365826,1261,root,test_video
0 days 00:00:42.108732492,1262,root,test_video
0 days 00:00:42.142099158,1263,root,test_video
0 days 00:00:42.175465824,1264,root,test_video
0 days 00:00:42.208832490,1265,root,test_video
0 days 00:00:42.242199156,1266,root,test_video
0 days 00:00:42.275565822,1267,root,test_video
0 days 00:00:42.308932488,1268,root,test_video
0 days 00:00:42.342299154,1269,root,test_video
0 days 00:00:42.375665820,1270,root,test_video
0 days 00:00:42.409032486,1271,root,test_video
0 days 00:00:42.442399152,1272,root,test_video
0 days 00:00:42.475765818,1273,root,test_video
0 days 00:00:42.509132484,1274,root,test_video
0 days 00:00:42.542499150,1275,root,test_video
0 days 00:00:42.575865816,1276,root,test_video
0 days 00:00:42.609232482,1277,root,test_video
0 days 00:00:42.642599148,1278,root,test_video
0 days 00:00:42.675965814,1279,root,test_video
0 days 00:00:42.709332480,1280,root,test_video
0 days 00:00:42.742699146,1281,root,test_video
0 days 00:00:42.776065812,1282,root,test_video
0 days 00:00:42.809432478,1283,root,test_video
0 days 00:00:42.842799144,1284,root,test_video
0 days 00:00:42.876165810,1285,root,test_video
0 days 00:00:42.909532476,1286,root,test_video
0 days 00:00:42.942899142,1287,root,test_video
0 days 00:00:42.976265808,1288,root,test_video
0 days 00:00:43,43,root,test_tabular
0 days 00:00:43.009632474,1289,root,test_video
0 days 00:00:43.042999140,1290,root,test_video
0 days 00:00:43.076365806,1291,root,test_video
0 days 00:00:43.109732472,1292,root,test_video
0 days 00:00:43.143099138,1293,root,test_video
0 days 00:00:43.176465804,1294,root,test_video
0 days 00:00:43.209832470,1295,root,test_video
0 days 00:00:43.243199136,1296,root,test_video
0 days 00:00:43.276565802,1297,root,test_video
0 days 00:00:43.309932468,1298,root,test_video
0 days 00:00:43.343299134,1299,root,test_video
0 days 00:00:43.376665800,1300,root,test_video
0 days 00:00:43.410032466,1301,root,test_video
0 days 00:00:43.443399132,1302,root,test_video
0 days 00:00:43.476765798,1303,root,test_video
0 days 00:00:43.510132464,1304,root,test_video
0 days 00:00:43.543499130,1305,root,test_video
0 days 00:00:43.576865796,1306,root,test_video
0 days 00:00:43.610232462,1307,root,test_video
0 days 00:00:43.643599128,1308,root,test_video
0 days 00:00:43.676965794,1309,root,test_video
0 days 00:00:43.710332460,1310,root,test_video
0 days 00:00:43.743699126,1311,root,test_video
0 days 00:00:43.777065792,1312,root,test_video
0 days 00:00:43.810432458,1313,root,test_video
0 days 00:00:43.843799124,1314,root,test_video
0 days 00:00:43.877165790,1315,root,test_video
0 days 00:00:43.910532456,1316,root,test_video
0 days 00:00:43.943899122,1317,root,test_video
0 days 00:00:43.977265788,1318,root,test_video
0 days 00:00:44,44,root,test_tabular
0 days 00:00:44.010632454,1319,root,test_video
0 days 00:00:44.043999120,1320,root,test_video
0 days 00:00:44.077365786,1321,root,test_video
0 days 00:00:44.110732452,1322,root,test_video
0 days 00:00:44.144099118,1323,root,test_video
0 days 00:00:44.177465784,1324,root,test_video
0 days 00:00:44.210832450,1325,root,test_video
0 days 00:00:44.244199116,1326,root,test_video
0 days 00:00:44.277565782,1327,root,test_video
0 days 00:00:44.310932448,1328,root,test_video
0 days 00:00:44.344299114,1329,root,test_video
0 days 00:00:44.377665780,1330,root,test_video
0 days 00:00:44.411032446,1331,root,test_video
0 days 00:00:44.444399112,1332,root,test_video
0 days 00:00:44.477765778,1333,root,test_video
0 days 00:00:44.511132444,1334,root,test_video
0 days 00:00:44.544499110,1335,root,test_video
0 days 00:00:44.577865776,1336,root,test_video
0 days 00:00:44.611232442,1337,root,test_video
0 days 00:00:44.644599108,1338,root,test_video
0 days 00:00:44.677965774,1339,root,test_video
0 days 00:00:44.711332440,1340,root,test_video
0 days 00:00:44.744699106,1341,root,test_video
0 days 00:00:44.778065772,1342,root,test_video
0 days 00:00:44.811432438,1343,root,test_video
0 days 00:00:44.844799104,1344,root,test_video
0 days 00:00:44.878165770,1345,root,test_video
0 days 00:00:44.911532436,1346,root,test_video
0 days 00:00:44.944899102,1347,root,test_video
0 days 00:00:44.978265768,1348,root,test_video
0 days 00:00:45,45,root,test_tabular
0 days 00:00:45.011632434,1349,root,test_video
0 days 00:00:45.044999100,1350,root,test_video
0 days 00:00:45.078365766,1351,root,test_video
0 days 00:00:45.111732432,1352,root,test_video
0 days 00:00:45.145099098,1353,root,test_video
0 days 00:00:45.178465764,1354,root,test_video
0 days 00:00:45.211832430,1355,root,test_video
0 days 00:00:45.245199096,1356,root,test_video
0 days 00:00:45.278565762,1357,root,test_video
0 days 00:00:45.311932428,1358,root,test_video
0 days 00:00:45.345299094,1359,root,test_video
0 days 00:00:45.378665760,1360,root,test_video
0 days 00:00:45.412032426,1361,root,test_video
0 days 00:00:45.445399092,1362,root,test_video
0 days 00:00:45.478765758,1363,root,test_video
0 days 00:00:45.512132424,1364,root,test_video
0 days 00:00:45.545499090,1365,root,test_video
0 days 00:00:45.578865756,1366,root,test_video
0 days 00:00:45.612232422,1367,root,test_video
0 days 00:00:45.645599088,1368,root,test_video
0 days 00:00:45.678965754,1369,root,test_video
0 days 00:00:45.712332420,1370,root,test_video
0 days 00:00:45.745699086,1371,root,test_video
0 days 00:00:45.779065752,1372,root,test_video
0 days 00:00:45.812432418,1373,root,test_video
0 days 00:00:45.845799084,1374,root,test_video
0 days 00:00:45.879165750,1375,root,test_video
0 days 00:00:45.912532416,1376,root,test_video
0 days 00:00:45.945899082,1377,root,test_video
0 days 00:00:45.979265748,1378,root,test_video
0 days 00:00:46,46,root,test_tabular
0 days 00:00:46.012632414,1379,root,test_video
0 days 00:00:46.045999080,1380,root,test_video
0 days 00:00:46.079365746,1381,root,test_video
0 days 00:00:46.112732412,1382,root,test_video
0 days 00:00:46.146099078,1383,root,test_video
0 days 00:00:46.179465744,1384,root,test_video
0 days 00:00:46.212832410,1385,root,test_video
0 days 00:00:46.246199076,1386,root,test_video
0 days 00:00:46.279565742,1387,root,test_video
0 days 00:00:46.312932408,1388,root,test_video
0 days 00:00:46.346299074,1389,root,test_video
0 days 00:00:46.379665740,1390,root,test_video
0 days 00:00:46.413032406,1391,root,test_video
0 days 00:00:46.446399072,1392,root,test_video
0 days 00:00:46.479765738,1393,root,test_video
0 days 00:00:46.513132404,1394,root,test_video
0 days 00:00:46.546499070,1395,root,test_video
0 days 00:00:46.579865736,1396,root,test_video
0 days 00:00:46.613232402,1397,root,test_video
0 days 00:00:46.646599068,1398,root,test_video
0 days 00:00:46.679965734,1399,root,test_video
0 days 00:00:46.713332400,1400,root,test_video
0 days 00:00:46.746699066,1401,root,test_video
0 days 00:00:46.780065732,1402,root,test_video
0 days 00:00:46.813432398,1403,root,test_video
0 days 00:00:46.846799064,1404,root,test_video
0 days 00:00:46.880165730,1405,root,test_video
0 days 00:00:46.913532396,1406,root,test_video
0 days 00:00:46.946899062,1407,root,test_video
0 days 00:00:46.980265728,1408,root,test_video
0 days 00:00:47,47,root,test_tabular
0 days 00:00:47.013632394,1409,root,test_video
0 days 00:00:47.046999060,1410,root,test_video
0 days 00:00:47.080365726,1411,root,test_video
0 days 00:00:47.113732392,1412,root,test_video
0 days 00:00:47.147099058,1413,root,test_video
0 days 00:00:47.180465724,1414,root,test_video
0 days 00:00:47.213832390,1415,root,test_video
0 days 00:00:47.247199056,1416,root,test_video
0 days 00:00:47.280565722,1417,root,test_video
0 days 00:00:47.313932388,1418,root,test_video
0 days 00:00:47.347299054,1419,root,test_video
0 days 00:00:47.380665720,1420,root,test_video
0 days 00:00:47.414032386,1421,root,test_video
0 days 00:00:47.447399052,1422,root,test_video
0 days 00:00:47.480765718,1423,root,test_video
0 days 00:00:47.514132384,1424,root,test_video
0 days 00:00:47.547499050,1425,root,test_video
0 days 00:00:47.580865716,1426,root,test_video
0 days 00:00:47.614232382,1427,root,test_video
0 days 00:00:47.647599048,1428,root,test_video
0 days 00:00:47.680965714,1429,root,test_video
0 days 00:00:47.714332380,1430,root,test_video
0 days 00:00:47.747699046,1431,root,test_video
0 days 00:00:47.781065712,1432,root,test_video
0 days 00:00:47.814432378,1433,root,test_video
0 days 00:00:47.847799044,1434,root,test_video
0 days 00:00:47.881165710,1435,root,test_video
0 days 00:00:47.914532376,1436,root,test_video
0 days 00:00:47.947899042,1437,root,test_video
0 days 00:00:47.981265708,1438,root,test_video
0 days 00:00:48,48,root,test_tabular
0 days 00:00:48.014632374,1439,root,test_video
0 days 00:00:48.047999040,1440,root,test_video
0 days 00:00:48.081365706,1441,root,test_video
0 days 00:00:48.114732372,1442,root,test_video
0 days 00:00:48.148099038,1443,root,test_video
0 days 00:00:48.181465704,1444,root,test_video
0 days 00:00:48.214832370,1445,root,test_video
0 days 00:00:48.248199036,1446,root,test_video
0 days 00:00:48.281565702,1447,root,test_video
0 days 00:00:48.314932368,1448,root,test_video
0 days 00:00:48.348299034,1449,root,test_video
0 days 00:00:48.381665700,1450,root,test_video
0 days 00:00:48.415032366,1451,root,test_video
0 days 00:00:48.448399032,1452,root,test_video
0 days 00:00:48.481765698,1453,root,test_video
0 days 00:00:48.515132364,1454,root,test_video
0 days 00:00:48.548499030,1455,root,test_video
0 days 00:00:48.581865696,1456,root,test_video
0 days 00:00:48.615232362,1457,root,test_video
0 days 00:00:48.648599028,1458,root,test_video
0 days 00:00:48.681965694,1459,root,test_video
0 days 00:00:48.715332360,1460,root,test_video
0 days 00:00:48.748699026,1461,root,test_video
0 days 00:00:48.782065692,1462,root,test_video
0 days 00:00:48.815432358,1463,root,test_video
0 days 00:00:48.848799024,1464,root,test_video
0 days 00:00:48.882165690,1465,root,test_video
0 days 00:00:48.915532356,1466,root,test_video
0 days 00:00:48.948899022,1467,root,test_video
0 days 00:00:48.982265688,1468,root,test_video
0 days 00:00:49,49,root,test_tabular
0 days 00:00:49.015632354,1469,root,test_video
0 days 00:00:49.048999020,1470,root,test_video
0 days 00:00:49.082365686,1471,root,test_video
0 days 00:00:49.115732352,1472,root,test_video
0 days 00:00:49.149099018,1473,root,test_video
0 days 00:00:49.182465684,1474,root,test_video
0 days 00:00:49.215832350,1475,root,test_video
0 days 00:00:49.249199016,1476,root,test_video
0 days 00:00:49.282565682,1477,root,test_video
0 days 00:00:49.315932348,1478,root,test_video
0 days 00:00:49.349299014,1479,root,test_video
0 days 00:00:49.382665680,1480,root,test_video
0 days 00:00:49.416032346,1481,root,test_video
0 days 00:00:49.449399012,1482,root,test_video
0 days 00:00:49.482765678,1483,root,test_video
0 days 00:00:49.516132344,1484,root,test_video
0 days 00:00:49.549499010,1485,root,test_video
0 days 00:00:49.582865676,1486,root,test_video
0 days 00:00:49.616232342,1487,root,test_video
0 days 00:00:49.649599008,1488,root,test_video
0 days 00:00:49.682965674,1489,root,test_video
0 days 00:00:49.716332340,1490,root,test_video
0 days 00:00:49.749699006,1491,root,test_video
0 days 00:00:49.783065672,1492,root,test_video
0 days 00:00:49.816432338,1493,root,test_video
0 days 00:00:49.849799004,1494,root,test_video
0 days 00:00:49.883165670,1495,root,test_video
0 days 00:00:49.916532336,1496,root,test_video
0 days 00:00:49.949899002,1497,root,test_video
0 days 00:00:49.983265668,1498,root,test_video
0 days 00:00:50,50,root,test_tabular
0 days 00:00:50.016632334,1499,root,test_video
0 days 00:00:50.049999,1500,root,test_video
0 days 00:00:50.083365666,1501,root,test_video
0 days 00:00:50.116732332,1502,root,test_video
0 days 00:00:50.150098998,1503,root,test_video
0 days 00:00:50.183465664,1504,root,test_video
0 days 00:00:50.216832330,1505,root,test_video
0 days 00:00:50.250198996,1506,root,test_video
0 days 00:00:50.283565662,1507,root,test_video
0 days 00:00:50.316932328,1508,root,test_video
0 days 00:00:50.350298994,1509,root,test_video
0 days 00:00:50.383665660,1510,root,test_video
0 days 00:00:50.417032326,1511,root,test_video
0 days 00:00:50.450398992,1512,root,test_video
0 days 00:00:50.483765658,1513,root,test_video
0 days 00:00:50.517132324,1514,root,test_video
0 days 00:00:50.550498990,1515,root,test_video
0 days 00:00:50.583865656,1516,root,test_video
0 days 00:00:50.617232322,1517,root,test_video
0 days 00:00:50.650598988,1518,root,test_video
0 days 00:00:50.683965654,1519,root,test_video
0 days 00:00:50.717332320,1520,root,test_video
0 days 00:00:50.750698986,1521,root,test_video
0 days 00:00:50.784065652,1522,root,test_video
0 days 00:00:50.817432318,1523,root,test_video
0 days 00:00:50.850798984,1524,root,test_video
0 days 00:00:50.884165650,1525,root,test_video
0 days 00:00:50.917532316,1526,root,test_video
0 days 00:00:50.950898982,1527,root,test_video
0 days 00:00:50.984265648,1528,root,test_video
0 days 00:00:51,51,root,test_tabular
0 days 00:00:51.017632314,1529,root,test_video
0 days 00:00:51.050998980,1530,root,test_video
0 days 00:00:51.084365646,1531,root,test_video
0 days 00:00:51.117732312,1532,root,test_video
0 days 00:00:51.151098978,1533,root,test_video
0 days 00:00:51.184465644,1534,root,test_video
0 days 00:00:51.217832310,1535,root,test_video
0 days 00:00:51.251198976,1536,root,test_video
0 days 00:00:51.284565642,1537,root,test_video
0 days 00:00:51.317932308,1538,root,test_video
0 days 00:00:51.351298974,1539,root,test_video
0 days 00:00:51.384665640,1540,root,test_video
0 days 00:00:51.418032306,1541,root,test_video
0 days 00:00:51.451398972,1542,root,test_video
0 days 00:00:51.484765638,1543,root,test_video
0 days 00:00:51.518132304,1544,root,test_video
0 days 00:00:51.551498970,1545,root,test_video
0 days 00:00:51.584865636,1546,root,test_video
0 days 00:00:51.618232302,1547,root,test_video
0 days 00:00:51.651598968,1548,root,test_video
0 days 00:00:51.684965634,1549,root,test_video
0 days 00:00:51.718332300,1550,root,test_video
0 days 00:00:51.751698966,1551,root,test_video
0 days 00:00:51.785065632,1552,root,test_video
0 days 00:00:51.818432298,1553,root,test_video
0 days 00:00:51.851798964,1554,root,test_video
0 days 00:00:51.885165630,1555,root,test_video
0 days 00:00:51.918532296,1556,root,test_video
0 days 00:00:51.951898962,1557,root,test_video
0 days 00:00:51.985265628,1558,root,test_video
0 days 00:00:52,52,root,test_tabular
0 days 00:00:52.018632294,1559,root,test_video
0 days 00:00:52.051998960,1560,root,test_video
0 days 00:00:52.085365626,1561,root,test_video
0 days 00:00:52.118732292,1562,root,test_video
0 days 00:00:52.152098958,1563,root,test_video
0 days 00:00:52.185465624,1564,root,test_video
0 days 00:00:52.218832290,1565,root,test_video
0 days 00:00:52.252198956,1566,root,test_video
0 days 00:00:52.285565622,1567,root,test_video
0 days 00:00:52.318932288,1568,root,test_video
0 days 00:00:52.352298954,1569,root,test_video
0 days 00:00:52.385665620,1570,root,test_video
0 days 00:00:52.419032286,1571,root,test_video
0 days 00:00:52.452398952,1572,root,test_video
0 days 00:00:52.485765618,1573,root,test_video
0 days 00:00:52.519132284,1574,root,test_video
0 days 00:00:52.552498950,1575,root,test_video
0 days 00:00:52.585865616,1576,root,test_video
0 days 00:00:52.619232282,1577,root,test_video
0 days 00:00:52.652598948,1578,root,test_video
0 days 00:00:52.685965614,1579,root,test_video
0 days 00:00:52.719332280,1580,root,test_video
0 days 00:00:52.752698946,1581,root,test_video
0 days 00:00:52.786065612,1582,root,test_video
0 days 00:00:52.819432278,1583,root,test_video
0 days 00:00:52.852798944,1584,root,test_video
0 days 00:00:52.886165610,1585,root,test_video
0 days 00:00:52.919532276,1586,root,test_video
0 days 00:00:52.952898942,1587,root,test_video
0 days 00:00:52.986265608,1588,root,test_video
0 days 00:00:53,53,root,test_tabular
0 days 00:00:53.019632274,1589,root,test_video
0 days 00:00:53.052998940,1590,root,test_video
0 days 00:00:53.086365606,1591,root,test_video
0 days 00:00:53.119732272,1592,root,test_video
0 days 00:00:53.153098938,1593,root,test_video
0 days 00:00:53.186465604,1594,root,test_video
0 days 00:00:53.219832270,1595,root,test_video
0 days 00:00:53.253198936,1596,root,test_video
0 days 00:00:53.286565602,1597,root,test_video
0 days 00:00:53.319932268,1598,root,test_video
0 days 00:00:53.353298934,1599,root,test_video
0 days 00:00:53.386665600,1600,root,test_video
0 days 00:00:53.420032266,1601,root,test_video
0 days 00:00:53.453398932,1602,root,test_video
0 days 00:00:53.486765598,1603,root,test_video
0 days 00:00:53.520132264,1604,root,test_video
0 days 00:00:53.553498930,1605,root,test_video
0 days 00:00:53.586865596,1606,root,test_video
0 days 00:00:53.620232262,1607,root,test_video
0 days 00:00:53.653598928,1608,root,test_video
0 days 00:00:53.686965594,1609,root,test_video
0 days 00:00:53.720332260,1610,root,test_video
0 days 00:00:53.753698926,1611,root,test_video
0 days 00:00:53.787065592,1612,root,test_video
0 days 00:00:53.820432258,1613,root,test_video
0 days 00:00:53.853798924,1614,root,test_video
0 days 00:00:53.887165590,1615,root,test_video
0 days 00:00:53.920532256,1616,root,test_video
0 days 00:00:53.953898922,1617,root,test_video
0 days 00:00:53.987265588,1618,root,test_video
0 days 00:00:54,54,root,test_tabular
0 days 00:00:54.020632254,1619,root,test_video
0 days 00:00:54.053998920,1620,root,test_video
0 days 00:00:54.087365586,1621,root,test_video
0 days 00:00:54.120732252,1622,root,test_video
0 days 00:00:54.154098918,1623,root,test_video
0 days 00:00:54.187465584,1624,root,test_video
0 days 00:00:54.220832250,1625,root,test_video
0 days 00:00:54.254198916,1626,root,test_video
0 days 00:00:54.287565582,1627,root,test_video
0 days 00:00:54.320932248,1628,root,test_video
0 days 00:00:54.354298914,1629,root,test_video
0 days 00:00:54.387665580,1630,root,test_video
0 days 00:00:54.421032246,1631,root,test_video
0 days 00:00:54.454398912,1632,root,test_video
0 days 00:00:54.487765578,1633,root,test_video
0 days 00:00:54.521132244,1634,root,test_video
0 days 00:00:54.554498910,1635,root,test_video
0 days 00:00:54.587865576,1636,root,test_video
0 days 00:00:54.621232242,1637,root,test_video
0 days 00:00:54.654598908,1638,root,test_video
0 days 00:00:54.687965574,1639,root,test_video
0 days 00:00:54.721332240,1640,root,test_video
0 days 00:00:54.754698906,1641,root,test_video
0 days 00:00:54.788065572,1642,root,test_video
0 days 00:00:54.821432238,1643,root,test_video
0 days 00:00:54.854798904,1644,root,test_video
0 days 00:00:54.888165570,1645,root,test_video
0 days 00:00:54.921532236,1646,root,test_video
0 days 00:00:54.954898902,1647,root,test_video
0 days 00:00:54.988265568,1648,root,test_video
0 days 00:00:55,55,root,test_tabular
0 days 00:00:55.021632234,1649,root,test_video
0 days 00:00:55.054998900,1650,root,test_video
0 days 00:00:55.088365566,1651,root,test_video
0 days 00:00:55.121732232,1652,root,test_video
0 days 00:00:55.155098898,1653,root,test_video
0 days 00:00:55.188465564,1654,root,test_video
0 days 00:00:55.221832230,1655,root,test_video
0 days 00:00:55.255198896,1656,root,test_video
0 days 00:00:55.288565562,1657,root,test_video
0 days 00:00:55.321932228,1658,root,test_video
0 days 00:00:55.355298894,1659,root,test_video
0 days 00:00:55.388665560,1660,root,test_video
0 days 00:00:55.422032226,1661,root,test_video
0 days 00:00:55.455398892,1662,root,test_video
0 days 00:00:55.488765558,1663,root,test_video
0 days 00:00:55.522132224,1664,root,test_video
0 days 00:00:55.555498890,1665,root,test_video
0 days 00:00:55.588865556,1666,root,test_video
0 days 00:00:55.622232222,1667,root,test_video
0 days 00:00:55.655598888,1668,root,test_video
0 days 00:00:55.688965554,1669,root,test_video
0 days 00:00:55.722332220,1670,root,test_video
0 days 00:00:55.755698886,1671,root,test_video
0 days 00:00:55.789065552,1672,root,test_video
0 days 00:00:55.822432218,1673,root,test_video
0 days 00:00:55.855798884,1674,root,test_video
0 days 00:00:55.889165550,1675,root,test_video
0 days 00:00:55.922532216,1676,root,test_video
0 days 00:00:55.955898882,1677,root,test_video
0 days 00:00:55.989265548,1678,root,test_video
0 days 00:00:56,56,root,test_tabular
0 days 00:00:56.022632214,1679,root,test_video
0 days 00:00:56.055998880,1680,root,test_video
0 days 00:00:56.089365546,1681,root,test_video
0 days 00:00:56.122732212,1682,root,test_video
0 days 00:00:56.156098878,1683,root,test_video
0 days 00:00:56.189465544,1684,root,test_video
0 days 00:00:56.222832210,1685,root,test_video
0 days 00:00:56.256198876,1686,root,test_video
0 days 00:00:56.289565542,1687,root,test_video
0 days 00:00:56.322932208,1688,root,test_video
0 days 00:00:56.356298874,1689,root,test_video
0 days 00:00:56.389665540,1690,root,test_video
0 days 00:00:56.423032206,1691,root,test_video
0 days 00:00:56.456398872,1692,root,test_video
0 days 00:00:56.489765538,1693,root,test_video
0 days 00:00:56.523132204,1694,root,test_video
0 days 00:00:56.556498870,1695,root,test_video
0 days 00:00:56.589865536,1696,root,test_video
0 days 00:00:56.623232202,1697,root,test_video
0 days 00:00:56.656598868,1698,root,test_video
0 days 00:00:56.689965534,1699,root,test_video
0 days 00:00:56.723332200,1700,root,test_video
0 days 00:00:56.756698866,1701,root,test_video
0 days 00:00:56.790065532,1702,root,test_video
0 days 00:00:56.823432198,1703,root,test_video
0 days 00:00:56.856798864,1704,root,test_video
0 days 00:00:56.890165530,1705,root,test_video
0 days 00:00:56.923532196,1706,root,test_video
0 days 00:00:56.956898862,1707,root,test_video
0 days 00:00:56.990265528,1708,root,test_video
0 days 00:00:57,57,root,test_tabular
0 days 00:00:57.023632194,1709,root,test_video
0 days 00:00:57.056998860,1710,root,test_video
0 days 00:00:57.090365526,1711,root,test_video
0 days 00:00:57.123732192,1712,root,test_video
0 days 00:00:57.157098858,1713,root,test_video
0 days 00:00:57.190465524,1714,root,test_video
0 days 00:00:57.223832190,1715,root,test_video
0 days 00:00:57.257198856,1716,root,test_video
0 days 00:00:57.290565522,1717,root,test_video
0 days 00:00:57.323932188,1718,root,test_video
0 days 00:00:57.357298854,1719,root,test_video
0 days 00:00:57.390665520,1720,root,test_video
0 days 00:00:57.424032186,1721,root,test_video
0 days 00:00:57.457398852,1722,root,test_video
0 days 00:00:57.490765518,1723,root,test_video
0 days 00:00:57.524132184,1724,root,test_video
0 days 00:00:57.557498850,1725,root,test_video
0 days 00:00:57.590865516,1726,root,test_video
0 days 00:00:57.624232182,1727,root,test_video
0 days 00:00:57.657598848,1728,root,test_video
0 days 00:00:57.690965514,1729,root,test_video
0 days 00:00:57.724332180,1730,root,test_video
0 days 00:00:57.757698846,1731,root,test_video
0 days 00:00:57.791065512,1732,root,test_video
0 days 00:00:57.824432178,1733,root,test_video
0 days 00:00:57.857798844,1734,root,test_video
0 days 00:00:57.891165510,1735,root,test_video
0 days 00:00:57.924532176,1736,root,test_video
0 days 00:00:57.957898842,1737,root,test_video
0 days 00:00:57.991265508,1738,root,test_video
0 days 00:00:58,58,root,test_tabular
0 days 00:00:58.024632174,1739,root,test_video
0 days 00:00:58.057998840,1740,root,test_video
0 days 00:00:58.091365506,1741,root,test_video
0 days 00:00:58.124732172,1742,root,test_video
0 days 00:00:58.158098838,1743,root,test_video
0 days 00:00:58.191465504,1744,root,test_video
0 days 00:00:58.224832170,1745,root,test_video
0 days 00:00:58.258198836,1746,root,test_video
0 days 00:00:58.291565502,1747,root,test_video
0 days 00:00:58.324932168,1748,root,test_video
0 days 00:00:58.358298834,1749,root,test_video
0 days 00:00:58.391665500,1750,root,test_video
0 days 00:00:58.425032166,1751,root,test_video
0 days 00:00:58.458398832,1752,root,test_video
0 days 00:00:58.491765498,1753,root,test_video
0 days 00:00:58.525132164,1754,root,test_video
0 days 00:00:58.558498830,1755,root,test_video
0 days 00:00:58.591865496,1756,root,test_video
0 days 00:00:58.625232162,1757,root,test_video
0 days 00:00:58.658598828,1758,root,test_video
0 days 00:00:58.691965494,1759,root,test_video
0 days 00:00:58.725332160,1760,root,test_video
0 days 00:00:58.758698826,1761,root,test_video
0 days 00:00:58.792065492,1762,root,test_video
0 days 00:00:58.825432158,1763,root,test_video
0 days 00:00:58.858798824,1764,root,test_video
0 days 00:00:58.892165490,1765,root,test_video
0 days 00:00:58.925532156,1766,root,test_video
0 days 00:00:58.958898822,1767,root,test_video
0 days 00:00:58.992265488,1768,root,test_video
0 days 00:00:59,59,root,test_tabular
0 days 00:00:59.025632154,1769,root,test_video
0 days 00:00:59.058998820,1770,root,test_video
0 days 00:00:59.092365486,1771,root,test_video
0 days 00:00:59.125732152,1772,root,test_video
0 days 00:01:00,60,root,test_tabular
0 days 00:01:01,61,root,test_tabular
0 days 00:01:02,62,root,test_tabular
0 days 00:01:03,63,root,test_tabular
0 days 00:01:04,64,root,test_tabular
0 days 00:01:05,65,root,test_tabular
0 days 00:01:06,66,root,test_tabular
0 days 00:01:07,67,root,test_tabular
0 days 00:01:08,68,root,test_tabular
0 days 00:01:09,69,root,test_tabular
0 days 00:01:10,70,root,test_tabular
0 days 00:01:11,71,root,test_tabular
0 days 00:01:12,72,root,test_tabular
0 days 00:01:13,73,root,test_tabular
0 days 00:01:14,74,root,test_tabular
0 days 00:01:15,75,root,test_tabular
0 days 00:01:16,76,root,test_tabular
0 days 00:01:17,77,root,test_tabular
0 days 00:01:18,78,root,test_tabular
0 days 00:01:19,79,root,test_tabular
0 days 00:01:20,80,root,test_tabular
0 days 00:01:21,81,root,test_tabular
0 days 00:01:22,82,root,test_tabular
0 days 00:01:23,83,root,test_tabular
0 days 00:01:24,84,root,test_tabular
0 days 00:01:25,85,root,test_tabular
0 days 00:01:26,86,root,test_tabular
0 days 00:01:27,87,root,test_tabular
0 days 00:01:28,88,root,test_tabular
0 days 00:01:29,89,root,test_tabular
0 days 00:01:30,90,root,test_tabular
0 days 00:01:31,91,root,test_tabular
0 days 00:01:32,92,root,test_tabular
0 days 00:01:33,93,root,test_tabular
0 days 00:01:34,94,root,test_tabular
0 days 00:01:35,95,root,test_tabular
0 days 00:01:36,96,root,test_tabular
0 days 00:01:37,97,root,test_tabular
0 days 00:01:38,98,root,test_tabular
0 days 00:01:39,99,root,test_tabular
0 days 00:01:40,100,root,test_tabular
0 days 00:01:41,101,root,test_tabular
0 days 00:01:42,102,root,test_tabular
0 days 00:01:43,103,root,test_tabular
0 days 00:01:44,104,root,test_tabular
0 days 00:01:45,105,root,test_tabular
0 days 00:01:46,106,root,test_tabular
0 days 00:01:47,107,root,test_tabular
0 days 00:01:48,108,root,test_tabular
0 days 00:01:49,109,root,test_tabular
0 days 00:01:50,110,root,test_tabular
0 days 00:01:51,111,root,test_tabular
0 days 00:01:52,112,root,test_tabular
0 days 00:01:53,113,root,test_tabular
0 days 00:01:54,114,root,test_tabular
0 days 00:01:55,115,root,test_tabular
0 days 00:01:56,116,root,test_tabular
0 days 00:01:57,117,root,test_tabular
0 days 00:01:58,118,root,test_tabular
0 days 00:01:59,119,root,test_tabular
0 days 00:02:00,120,root,test_tabular
0 days 00:02:01,121,root,test_tabular
0 days 00:02:02,122,root,test_tabular
0 days 00:02:03,123,root,test_tabular
0 days 00:02:04,124,root,test_tabular
0 days 00:02:05,125,root,test_tabular
0 days 00:02:06,126,root,test_tabular
0 days 00:02:07,127,root,test_tabular
0 days 00:02:08,128,root,test_tabular
0 days 00:02:09,129,root,test_tabular
0 days 00:02:10,130,root,test_tabular
0 days 00:02:11,131,root,test_tabular
0 days 00:02:12,132,root,test_tabular
0 days 00:02:13,133,root,test_tabular
0 days 00:02:14,134,root,test_tabular
0 days 00:02:15,135,root,test_tabular
0 days 00:02:16,136,root,test_tabular
0 days 00:02:17,137,root,test_tabular
0 days 00:02:18,138,root,test_tabular
0 days 00:02:19,139,root,test_tabular
0 days 00:02:20,140,root,test_tabular
0 days 00:02:21,141,root,test_tabular
0 days 00:02:22,142,root,test_tabular
0 days 00:02:23,143,root,test_tabular
0 days 00:02:24,144,root,test_tabular
0 days 00:02:25,145,root,test_tabular
0 days 00:02:26,146,root,test_tabular
0 days 00:02:27,147,root,test_tabular
0 days 00:02:28,148,root,test_tabular
0 days 00:02:29,149,root,test_tabular
0 days 00:02:30,150,root,test_tabular
0 days 00:02:31,151,root,test_tabular
0 days 00:02:32,152,root,test_tabular
0 days 00:02:33,153,root,test_tabular
0 days 00:02:34,154,root,test_tabular
0 days 00:02:35,155,root,test_tabular
0 days 00:02:36,156,root,test_tabular
0 days 00:02:37,157,root,test_tabular
0 days 00:02:38,158,root,test_tabular
